Workbook

Sheet Gap Sheet
A1: Chennai
A3: Skills | B3: Line Up | C3: Slot Metrics | K3: Panel Metrics
C4: R1 Slots | G4: R2 Slots | K4: R1 Panel | O4: R2 Panel
C5: Ask | D5: Available | E5: Gap | F5: Excess | G5: Ask | H5: Available | I5: Gap | J5: Excess | K5: Ask | L5: Available | M5: Gap | N5: Excess | O5: Ask | P5: Available | Q5: Gap | R5: Excess
A6: Databricks | B6: 50 | C6: 50 | D6: =SUMPRODUCT((TRIM('Panel Details'!$E$2:$E$501)=TRIM($A6))*('Panel Details'!$I$2:$I$501="R1")*N('Panel Details'!$J$2:$J$501)) -> 0 | E6: =IF(($C6-$D6)<0,0,$C6-$D6) -> 50 | F6: =IF($E6=0,$D6-$C6,0) -> 0 | G6: 20 | H6: =SUMPRODUCT((TRIM('Panel Details'!$E$2:$E$501)=TRIM($A6))*('Panel Details'!$I$2:$I$501="R2")*N('Panel Details'!$J$2:$J$501)) -> 0 | I6: =IF(($G6-$H6)<0,0,$G6-$H6) -> 20 | J6: =IF($I6=0,$H6-$G6,0) -> 0 | K6: =_xlfn.CEILING.MATH($C6/8) -> 7 | L6: =_xlfn.CEILING.MATH($D6/8) -> 0 | M6: =IF(($K6-$L6)<0,0,$K6-$L6) -> 7 | N6: =IF($M6=0,$L6-$K6,0) -> 0 | O6: =_xlfn.CEILING.MATH($G6/8) -> 3 | P6: =_xlfn.CEILING.MATH($H6/8) -> 0 | Q6: =IF(($O6-$P6)<0,0,$O6-$P6) -> 3 | R6: =IF($Q6=0,$P6-$O6,0) -> 0
A7: Gen AI | B7: 50 | C7: 50 | D7: =SUMPRODUCT((TRIM('Panel Details'!$E$2:$E$501)=TRIM($A7))*('Panel Details'!$I$2:$I$501="R1")*N('Panel Details'!$J$2:$J$501)) -> 0 | E7: =IF(($C7-$D7)<0,0,$C7-$D7) -> 50 | F7: =IF($E7=0,$D7-$C7,0) -> 0 | G7: 20 | H7: =SUMPRODUCT((TRIM('Panel Details'!$E$2:$E$501)=TRIM($A7))*('Panel Details'!$I$2:$I$501="R2")*N('Panel Details'!$J$2:$J$501)) -> 0 | I7: =IF(($G7-$H7)<0,0,$G7-$H7) -> 20 | J7: =IF($I7=0,$H7-$G7,0) -> 0 | K7: =_xlfn.CEILING.MATH($C7/8) -> 7 | L7: =_xlfn.CEILING.MATH($D7/8) -> 0 | M7: =IF(($K7-$L7)<0,0,$K7-$L7) -> 7 | N7: =IF($M7=0,$L7-$K7,0) -> 0 | O7: =_xlfn.CEILING.MATH($G7/8) -> 3 | P7: =_xlfn.CEILING.MATH($H7/8) -> 0 | Q7: =IF(($O7-$P7)<0,0,$O7-$P7) -> 3 | R7: =IF($Q7=0,$P7-$O7,0) -> 0
A8: GCP Data Engineering | B8: 50 | C8: 50 | D8: =SUMPRODUCT((TRIM('Panel Details'!$E$2:$E$501)=TRIM($A8))*('Panel Details'!$I$2:$I$501="R1")*N('Panel Details'!$J$2:$J$501)) -> 0 | E8: =IF(($C8-$D8)<0,0,$C8-$D8) -> 50 | F8: =IF($E8=0,$D8-$C8,0) -> 0 | G8: 20 | H8: =SUMPRODUCT((TRIM('Panel Details'!$E$2:$E$501)=TRIM($A8))*('Panel Details'!$I$2:$I$501="R2")*N('Panel Details'!$J$2:$J$501)) -> 0 | I8: =IF(($G8-$H8)<0,0,$G8-$H8) -> 20 | J8: =IF($I8=0,$H8-$G8,0) -> 0 | K8: =_xlfn.CEILING.MATH($C8/8) -> 7 | L8: =_xlfn.CEILING.MATH($D8/8) -> 0 | M8: =IF(($K8-$L8)<0,0,$K8-$L8) -> 7 | N8: =IF($M8=0,$L8-$K8,0) -> 0 | O8: =_xlfn.CEILING.MATH($G8/8) -> 3 | P8: =_xlfn.CEILING.MATH($H8/8) -> 0 | Q8: =IF(($O8-$P8)<0,0,$O8-$P8) -> 3 | R8: =IF($Q8=0,$P8-$O8,0) -> 0
A9: Pyspark | B9: 30 | C9: 30 | D9: =SUMPRODUCT((TRIM('Panel Details'!$E$2:$E$501)=TRIM($A9))*('Panel Details'!$I$2:$I$501="R1")*N('Panel Details'!$J$2:$J$501)) -> 0 | E9: =IF(($C9-$D9)<0,0,$C9-$D9) -> 30 | F9: =IF($E9=0,$D9-$C9,0) -> 0 | G9: 12 | H9: =SUMPRODUCT((TRIM('Panel Details'!$E$2:$E$501)=TRIM($A9))*('Panel Details'!$I$2:$I$501="R2")*N('Panel Details'!$J$2:$J$501)) -> 0 | I9: =IF(($G9-$H9)<0,0,$G9-$H9) -> 12 | J9: =IF($I9=0,$H9-$G9,0) -> 0 | K9: =_xlfn.CEILING.MATH($C9/8) -> 4 | L9: =_xlfn.CEILING.MATH($D9/8) -> 0 | M9: =IF(($K9-$L9)<0,0,$K9-$L9) -> 4 | N9: =IF($M9=0,$L9-$K9,0) -> 0 | O9: =_xlfn.CEILING.MATH($G9/8) -> 2 | P9: =_xlfn.CEILING.MATH($H9/8) -> 0 | Q9: =IF(($O9-$P9)<0,0,$O9-$P9) -> 2 | R9: =IF($Q9=0,$P9-$O9,0) -> 0
A10: Machine learning | B10: 30 | C10: 30 | D10: =SUMPRODUCT((TRIM('Panel Details'!$E$2:$E$501)=TRIM($A10))*('Panel Details'!$I$2:$I$501="R1")*N('Panel Details'!$J$2:$J$501)) -> 0 | E10: =IF(($C10-$D10)<0,0,$C10-$D10) -> 30 | F10: =IF($E10=0,$D10-$C10,0) -> 0 | G10: 12 | H10: =SUMPRODUCT((TRIM('Panel Details'!$E$2:$E$501)=TRIM($A10))*('Panel Details'!$I$2:$I$501="R2")*N('Panel Details'!$J$2:$J$501)) -> 0 | I10: =IF(($G10-$H10)<0,0,$G10-$H10) -> 12 | J10: =IF($I10=0,$H10-$G10,0) -> 0 | K10: =_xlfn.CEILING.MATH($C10/8) -> 4 | L10: =_xlfn.CEILING.MATH($D10/8) -> 0 | M10: =IF(($K10-$L10)<0,0,$K10-$L10) -> 4 | N10: =IF($M10=0,$L10-$K10,0) -> 0 | O10: =_xlfn.CEILING.MATH($G10/8) -> 2 | P10: =_xlfn.CEILING.MATH($H10/8) -> 0 | Q10: =IF(($O10-$P10)<0,0,$O10-$P10) -> 2 | R10: =IF($Q10=0,$P10-$O10,0) -> 0
A11: Azure Data Engineering | B11: 40 | C11: 40 | D11: =SUMPRODUCT((TRIM('Panel Details'!$E$2:$E$501)=TRIM($A11))*('Panel Details'!$I$2:$I$501="R1")*N('Panel Details'!$J$2:$J$501)) -> 0 | E11: =IF(($C11-$D11)<0,0,$C11-$D11) -> 40 | F11: =IF($E11=0,$D11-$C11,0) -> 0 | G11: 16 | H11: =SUMPRODUCT((TRIM('Panel Details'!$E$2:$E$501)=TRIM($A11))*('Panel Details'!$I$2:$I$501="R2")*N('Panel Details'!$J$2:$J$501)) -> 0 | I11: =IF(($G11-$H11)<0,0,$G11-$H11) -> 16 | J11: =IF($I11=0,$H11-$G11,0) -> 0 | K11: =_xlfn.CEILING.MATH($C11/8) -> 5 | L11: =_xlfn.CEILING.MATH($D11/8) -> 0 | M11: =IF(($K11-$L11)<0,0,$K11-$L11) -> 5 | N11: =IF($M11=0,$L11-$K11,0) -> 0 | O11: =_xlfn.CEILING.MATH($G11/8) -> 2 | P11: =_xlfn.CEILING.MATH($H11/8) -> 0 | Q11: =IF(($O11-$P11)<0,0,$O11-$P11) -> 2 | R11: =IF($Q11=0,$P11-$O11,0) -> 0
A12: Total | B12: =SUM(B6:B11) -> 250 | C12: =SUM(C6:C11) -> 250 | D12: =SUM(D6:D11) -> 0 | E12: =SUM(E6:E11) -> 250 | F12: =SUM(F6:F11) -> 0 | G12: =SUM(G6:G11) -> 100 | H12: =SUM(H6:H11) -> 0 | I12: =SUM(I6:I11) -> 100 | ... R12: =SUM(R6:R11) -> 0

Sheet Pivot
B3: Sum of Number of Slots
B4: Skills | C4: R1 | D4: R2 | E4: Grand Total
B5: Databricks | C5: =SUMPRODUCT((TRIM('Panel Details'!$E$2:$E$501)=TRIM($B5))*('Panel Details'!$I$2:$I$501="R1")*N('Panel Details'!$J$2:$J$501)) -> 0 | D5: =SUMPRODUCT((TRIM('Panel Details'!$E$2:$E$501)=TRIM($B5))*('Panel Details'!$I$2:$I$501="R2")*N('Panel Details'!$J$2:$J$501)) -> 0 | E5: =C5+D5 -> 0
B6: Gen AI | C6: =SUMPRODUCT((TRIM('Panel Details'!$E$2:$E$501)=TRIM($B6))*('Panel Details'!$I$2:$I$501="R1")*N('Panel Details'!$J$2:$J$501)) -> 0 | D6: =SUMPRODUCT((TRIM('Panel Details'!$E$2:$E$501)=TRIM($B6))*('Panel Details'!$I$2:$I$501="R2")*N('Panel Details'!$J$2:$J$501)) -> 0 | E6: =C6+D6 -> 0
B7: GCP Data Engineering | C7: =SUMPRODUCT((TRIM('Panel Details'!$E$2:$E$501)=TRIM($B7))*('Panel Details'!$I$2:$I$501="R1")*N('Panel Details'!$J$2:$J$501)) -> 0 | D7: =SUMPRODUCT((TRIM('Panel Details'!$E$2:$E$501)=TRIM($B7))*('Panel Details'!$I$2:$I$501="R2")*N('Panel Details'!$J$2:$J$501)) -> 0 | E7: =C7+D7 -> 0
B8: Pyspark | C8: =SUMPRODUCT((TRIM('Panel Details'!$E$2:$E$501)=TRIM($B8))*('Panel Details'!$I$2:$I$501="R1")*N('Panel Details'!$J$2:$J$501)) -> 0 | D8: =SUMPRODUCT((TRIM('Panel Details'!$E$2:$E$501)=TRIM($B8))*('Panel Details'!$I$2:$I$501="R2")*N('Panel Details'!$J$2:$J$501)) -> 0 | E8: =C8+D8 -> 0
B9: Machine learning | C9: =SUMPRODUCT((TRIM('Panel Details'!$E$2:$E$501)=TRIM($B9))*('Panel Details'!$I$2:$I$501="R1")*N('Panel Details'!$J$2:$J$501)) -> 0 | D9: =SUMPRODUCT((TRIM('Panel Details'!$E$2:$E$501)=TRIM($B9))*('Panel Details'!$I$2:$I$501="R2")*N('Panel Details'!$J$2:$J$501)) -> 0 | E9: =C9+D9 -> 0
B10: Azure Data Engineering | C10: =SUMPRODUCT((TRIM('Panel Details'!$E$2:$E$501)=TRIM($B10))*('Panel Details'!$I$2:$I$501="R1")*N('Panel Details'!$J$2:$J$501)) -> 0 | D10: =SUMPRODUCT((TRIM('Panel Details'!$E$2:$E$501)=TRIM($B10))*('Panel Details'!$I$2:$I$501="R2")*N('Panel Details'!$J$2:$J$501)) -> 0 | E10: =C10+D10 -> 0
B11: Grand Total | C11: =SUM(C5:C10) -> 0 | D11: =SUM(D5:D10) -> 0 | E11: =SUM(E5:E10) -> 0

Sheet Skill Mapping
A1: Survey/Gap Skill | B1: Master Skill
A2: Databricks | B2: Databricks - Data Engineer
A3: Gen AI | B3: Gen AI
A4: GCP Data Engineering | B4: Google Cloud Platform (GCP) - Data Engineer
A5: Pyspark | B5: Pyspark
A6: Machine learning | B6: Machine Learning
A7: Azure Data Engineering | B7: Microsoft Azure - Data Engineer

Sheet Panel Details
A1: ID | B1: Email | C1: Name | D1: Mobile | E1: Primary Skill | F1: Secondary Skill | G1: Location | H1: Designation | I1: Level | J1: Number of Slots | K1: Comments | L1: In Master Panel List? | M1: Panel to Travel | O1: srcRow
A2: =IF($O2="","",INDEX('Auto Process'!$AC:$AC,$O2)) | B2: =IF($O2="","",INDEX('Auto Process'!$AD:$AD,$O2)) | C2: =IF($O2="","",INDEX('Auto Process'!$AE:$AE,$O2)) | D2: =IF($O2="","",INDEX('Auto Process'!$AF:$AF,$O2)) | E2: =IF($O2="","",INDEX('Auto Process'!$AG:$AG,$O2)) | F2: =IF($O2="","",INDEX('Auto Process'!$AH:$AH,$O2)) | G2: =IF($O2="","",INDEX('Auto Process'!$AI:$AI,$O2)) | H2: =IF($O2="","",INDEX('Auto Process'!$AJ:$AJ,$O2)) | I2: =IF($O2="","",INDEX('Auto Process'!$AK:$AK,$O2)) | J2: =IF($O2="","",INDEX('Auto Process'!$AL:$AL,$O2)) | K2: =IF($O2="","",INDEX('Auto Process'!$AM:$AM,$O2)) | L2: =IF($O2="","",INDEX('Auto Process'!$AN:$AN,$O2)) | M2: =IF($O2="","",INDEX('Auto Process'!$AO:$AO,$O2)) | O2: =IFERROR(_xlfn.AGGREGATE(15,6,ROW('Auto Process'!$D$4:$D$503)/('Auto Process'!$D$4:$D$503="Panel Details"),ROW()-1),"")
A3: =IF($O3="","",INDEX('Auto Process'!$AC:$AC,$O3)) | B3: =IF($O3="","",INDEX('Auto Process'!$AD:$AD,$O3)) | C3: =IF($O3="","",INDEX('Auto Process'!$AE:$AE,$O3)) | D3: =IF($O3="","",INDEX('Auto Process'!$AF:$AF,$O3)) | E3: =IF($O3="","",INDEX('Auto Process'!$AG:$AG,$O3)) | F3: =IF($O3="","",INDEX('Auto Process'!$AH:$AH,$O3)) | G3: =IF($O3="","",INDEX('Auto Process'!$AI:$AI,$O3)) | H3: =IF($O3="","",INDEX('Auto Process'!$AJ:$AJ,$O3)) | I3: =IF($O3="","",INDEX('Auto Process'!$AK:$AK,$O3)) | J3: =IF($O3="","",INDEX('Auto Process'!$AL:$AL,$O3)) | K3: =IF($O3="","",INDEX('Auto Process'!$AM:$AM,$O3)) | L3: =IF($O3="","",INDEX('Auto Process'!$AN:$AN,$O3)) | M3: =IF($O3="","",INDEX('Auto Process'!$AO:$AO,$O3)) | O3: =IFERROR(_xlfn.AGGREGATE(15,6,ROW('Auto Process'!$D$4:$D$503)/('Auto Process'!$D$4:$D$503="Panel Details"),ROW()-1),"")
A4: =IF($O4="","",INDEX('Auto Process'!$AC:$AC,$O4)) | B4: =IF($O4="","",INDEX('Auto Process'!$AD:$AD,$O4)) | C4: =IF($O4="","",INDEX('Auto Process'!$AE:$AE,$O4)) | D4: =IF($O4="","",INDEX('Auto Process'!$AF:$AF,$O4)) | E4: =IF($O4="","",INDEX('Auto Process'!$AG:$AG,$O4)) | F4: =IF($O4="","",INDEX('Auto Process'!$AH:$AH,$O4)) | G4: =IF($O4="","",INDEX('Auto Process'!$AI:$AI,$O4)) | H4: =IF($O4="","",INDEX('Auto Process'!$AJ:$AJ,$O4)) | I4: =IF($O4="","",INDEX('Auto Process'!$AK:$AK,$O4)) | J4: =IF($O4="","",INDEX('Auto Process'!$AL:$AL,$O4)) | K4: =IF($O4="","",INDEX('Auto Process'!$AM:$AM,$O4)) | L4: =IF($O4="","",INDEX('Auto Process'!$AN:$AN,$O4)) | M4: =IF($O4="","",INDEX('Auto Process'!$AO:$AO,$O4)) | O4: =IFERROR(_xlfn.AGGREGATE(15,6,ROW('Auto Process'!$D$4:$D$503)/('Auto Process'!$D$4:$D$503="Panel Details"),ROW()-1),"")
A5: =IF($O5="","",INDEX('Auto Process'!$AC:$AC,$O5)) | B5: =IF($O5="","",INDEX('Auto Process'!$AD:$AD,$O5)) | C5: =IF($O5="","",INDEX('Auto Process'!$AE:$AE,$O5)) | D5: =IF($O5="","",INDEX('Auto Process'!$AF:$AF,$O5)) | E5: =IF($O5="","",INDEX('Auto Process'!$AG:$AG,$O5)) | F5: =IF($O5="","",INDEX('Auto Process'!$AH:$AH,$O5)) | G5: =IF($O5="","",INDEX('Auto Process'!$AI:$AI,$O5)) | H5: =IF($O5="","",INDEX('Auto Process'!$AJ:$AJ,$O5)) | I5: =IF($O5="","",INDEX('Auto Process'!$AK:$AK,$O5)) | J5: =IF($O5="","",INDEX('Auto Process'!$AL:$AL,$O5)) | K5: =IF($O5="","",INDEX('Auto Process'!$AM:$AM,$O5)) | L5: =IF($O5="","",INDEX('Auto Process'!$AN:$AN,$O5)) | M5: =IF($O5="","",INDEX('Auto Process'!$AO:$AO,$O5)) | O5: =IFERROR(_xlfn.AGGREGATE(15,6,ROW('Auto Process'!$D$4:$D$503)/('Auto Process'!$D$4:$D$503="Panel Details"),ROW()-1),"")
A6: =IF($O6="","",INDEX('Auto Process'!$AC:$AC,$O6)) | B6: =IF($O6="","",INDEX('Auto Process'!$AD:$AD,$O6)) | C6: =IF($O6="","",INDEX('Auto Process'!$AE:$AE,$O6)) | D6: =IF($O6="","",INDEX('Auto Process'!$AF:$AF,$O6)) | E6: =IF($O6="","",INDEX('Auto Process'!$AG:$AG,$O6)) | F6: =IF($O6="","",INDEX('Auto Process'!$AH:$AH,$O6)) | G6: =IF($O6="","",INDEX('Auto Process'!$AI:$AI,$O6)) | H6: =IF($O6="","",INDEX('Auto Process'!$AJ:$AJ,$O6)) | I6: =IF($O6="","",INDEX('Auto Process'!$AK:$AK,$O6)) | J6: =IF($O6="","",INDEX('Auto Process'!$AL:$AL,$O6)) | K6: =IF($O6="","",INDEX('Auto Process'!$AM:$AM,$O6)) | L6: =IF($O6="","",INDEX('Auto Process'!$AN:$AN,$O6)) | M6: =IF($O6="","",INDEX('Auto Process'!$AO:$AO,$O6)) | O6: =IFERROR(_xlfn.AGGREGATE(15,6,ROW('Auto Process'!$D$4:$D$503)/('Auto Process'!$D$4:$D$503="Panel Details"),ROW()-1),"")
A7: =IF($O7="","",INDEX('Auto Process'!$AC:$AC,$O7)) | B7: =IF($O7="","",INDEX('Auto Process'!$AD:$AD,$O7)) | C7: =IF($O7="","",INDEX('Auto Process'!$AE:$AE,$O7)) | D7: =IF($O7="","",INDEX('Auto Process'!$AF:$AF,$O7)) | E7: =IF($O7="","",INDEX('Auto Process'!$AG:$AG,$O7)) | F7: =IF($O7="","",INDEX('Auto Process'!$AH:$AH,$O7)) | G7: =IF($O7="","",INDEX('Auto Process'!$AI:$AI,$O7)) | H7: =IF($O7="","",INDEX('Auto Process'!$AJ:$AJ,$O7)) | I7: =IF($O7="","",INDEX('Auto Process'!$AK:$AK,$O7)) | J7: =IF($O7="","",INDEX('Auto Process'!$AL:$AL,$O7)) | K7: =IF($O7="","",INDEX('Auto Process'!$AM:$AM,$O7)) | L7: =IF($O7="","",INDEX('Auto Process'!$AN:$AN,$O7)) | M7: =IF($O7="","",INDEX('Auto Process'!$AO:$AO,$O7)) | O7: =IFERROR(_xlfn.AGGREGATE(15,6,ROW('Auto Process'!$D$4:$D$503)/('Auto Process'!$D$4:$D$503="Panel Details"),ROW()-1),"")
A8: =IF($O8="","",INDEX('Auto Process'!$AC:$AC,$O8)) | B8: =IF($O8="","",INDEX('Auto Process'!$AD:$AD,$O8)) | C8: =IF($O8="","",INDEX('Auto Process'!$AE:$AE,$O8)) | D8: =IF($O8="","",INDEX('Auto Process'!$AF:$AF,$O8)) | E8: =IF($O8="","",INDEX('Auto Process'!$AG:$AG,$O8)) | F8: =IF($O8="","",INDEX('Auto Process'!$AH:$AH,$O8)) | G8: =IF($O8="","",INDEX('Auto Process'!$AI:$AI,$O8)) | H8: =IF($O8="","",INDEX('Auto Process'!$AJ:$AJ,$O8)) | I8: =IF($O8="","",INDEX('Auto Process'!$AK:$AK,$O8)) | J8: =IF($O8="","",INDEX('Auto Process'!$AL:$AL,$O8)) | K8: =IF($O8="","",INDEX('Auto Process'!$AM:$AM,$O8)) | L8: =IF($O8="","",INDEX('Auto Process'!$AN:$AN,$O8)) | M8: =IF($O8="","",INDEX('Auto Process'!$AO:$AO,$O8)) | O8: =IFERROR(_xlfn.AGGREGATE(15,6,ROW('Auto Process'!$D$4:$D$503)/('Auto Process'!$D$4:$D$503="Panel Details"),ROW()-1),"")
A9: =IF($O9="","",INDEX('Auto Process'!$AC:$AC,$O9)) | B9: =IF($O9="","",INDEX('Auto Process'!$AD:$AD,$O9)) | C9: =IF($O9="","",INDEX('Auto Process'!$AE:$AE,$O9)) | D9: =IF($O9="","",INDEX('Auto Process'!$AF:$AF,$O9)) | E9: =IF($O9="","",INDEX('Auto Process'!$AG:$AG,$O9)) | F9: =IF($O9="","",INDEX('Auto Process'!$AH:$AH,$O9)) | G9: =IF($O9="","",INDEX('Auto Process'!$AI:$AI,$O9)) | H9: =IF($O9="","",INDEX('Auto Process'!$AJ:$AJ,$O9)) | I9: =IF($O9="","",INDEX('Auto Process'!$AK:$AK,$O9)) | J9: =IF($O9="","",INDEX('Auto Process'!$AL:$AL,$O9)) | K9: =IF($O9="","",INDEX('Auto Process'!$AM:$AM,$O9)) | L9: =IF($O9="","",INDEX('Auto Process'!$AN:$AN,$O9)) | M9: =IF($O9="","",INDEX('Auto Process'!$AO:$AO,$O9)) | O9: =IFERROR(_xlfn.AGGREGATE(15,6,ROW('Auto Process'!$D$4:$D$503)/('Auto Process'!$D$4:$D$503="Panel Details"),ROW()-1),"")
A10: =IF($O10="","",INDEX('Auto Process'!$AC:$AC,$O10)) | B10: =IF($O10="","",INDEX('Auto Process'!$AD:$AD,$O10)) | C10: =IF($O10="","",INDEX('Auto Process'!$AE:$AE,$O10)) | D10: =IF($O10="","",INDEX('Auto Process'!$AF:$AF,$O10)) | E10: =IF($O10="","",INDEX('Auto Process'!$AG:$AG,$O10)) | F10: =IF($O10="","",INDEX('Auto Process'!$AH:$AH,$O10)) | G10: =IF($O10="","",INDEX('Auto Process'!$AI:$AI,$O10)) | H10: =IF($O10="","",INDEX('Auto Process'!$AJ:$AJ,$O10)) | I10: =IF($O10="","",INDEX('Auto Process'!$AK:$AK,$O10)) | J10: =IF($O10="","",INDEX('Auto Process'!$AL:$AL,$O10)) | K10: =IF($O10="","",INDEX('Auto Process'!$AM:$AM,$O10)) | L10: =IF($O10="","",INDEX('Auto Process'!$AN:$AN,$O10)) | M10: =IF($O10="","",INDEX('Auto Process'!$AO:$AO,$O10)) | O10: =IFERROR(_xlfn.AGGREGATE(15,6,ROW('Auto Process'!$D$4:$D$503)/('Auto Process'!$D$4:$D$503="Panel Details"),ROW()-1),"")
A11: =IF($O11="","",INDEX('Auto Process'!$AC:$AC,$O11)) | B11: =IF($O11="","",INDEX('Auto Process'!$AD:$AD,$O11)) | C11: =IF($O11="","",INDEX('Auto Process'!$AE:$AE,$O11)) | D11: =IF($O11="","",INDEX('Auto Process'!$AF:$AF,$O11)) | E11: =IF($O11="","",INDEX('Auto Process'!$AG:$AG,$O11)) | F11: =IF($O11="","",INDEX('Auto Process'!$AH:$AH,$O11)) | G11: =IF($O11="","",INDEX('Auto Process'!$AI:$AI,$O11)) | H11: =IF($O11="","",INDEX('Auto Process'!$AJ:$AJ,$O11)) | I11: =IF($O11="","",INDEX('Auto Process'!$AK:$AK,$O11)) | J11: =IF($O11="","",INDEX('Auto Process'!$AL:$AL,$O11)) | K11: =IF($O11="","",INDEX('Auto Process'!$AM:$AM,$O11)) | L11: =IF($O11="","",INDEX('Auto Process'!$AN:$AN,$O11)) | M11: =IF($O11="","",INDEX('Auto Process'!$AO:$AO,$O11)) | O11: =IFERROR(_xlfn.AGGREGATE(15,6,ROW('Auto Process'!$D$4:$D$503)/('Auto Process'!$D$4:$D$503="Panel Details"),ROW()-1),"")
A12: =IF($O12="","",INDEX('Auto Process'!$AC:$AC,$O12)) | B12: =IF($O12="","",INDEX('Auto Process'!$AD:$AD,$O12)) | C12: =IF($O12="","",INDEX('Auto Process'!$AE:$AE,$O12)) | D12: =IF($O12="","",INDEX('Auto Process'!$AF:$AF,$O12)) | E12: =IF($O12="","",INDEX('Auto Process'!$AG:$AG,$O12)) | F12: =IF($O12="","",INDEX('Auto Process'!$AH:$AH,$O12)) | G12: =IF($O12="","",INDEX('Auto Process'!$AI:$AI,$O12)) | H12: =IF($O12="","",INDEX('Auto Process'!$AJ:$AJ,$O12)) | I12: =IF($O12="","",INDEX('Auto Process'!$AK:$AK,$O12)) | J12: =IF($O12="","",INDEX('Auto Process'!$AL:$AL,$O12)) | K12: =IF($O12="","",INDEX('Auto Process'!$AM:$AM,$O12)) | L12: =IF($O12="","",INDEX('Auto Process'!$AN:$AN,$O12)) | M12: =IF($O12="","",INDEX('Auto Process'!$AO:$AO,$O12)) | O12: =IFERROR(_xlfn.AGGREGATE(15,6,ROW('Auto Process'!$D$4:$D$503)/('Auto Process'!$D$4:$D$503="Panel Details"),ROW()-1),"")
A13: =IF($O13="","",INDEX('Auto Process'!$AC:$AC,$O13)) | B13: =IF($O13="","",INDEX('Auto Process'!$AD:$AD,$O13)) | C13: =IF($O13="","",INDEX('Auto Process'!$AE:$AE,$O13)) | D13: =IF($O13="","",INDEX('Auto Process'!$AF:$AF,$O13)) | E13: =IF($O13="","",INDEX('Auto Process'!$AG:$AG,$O13)) | F13: =IF($O13="","",INDEX('Auto Process'!$AH:$AH,$O13)) | G13: =IF($O13="","",INDEX('Auto Process'!$AI:$AI,$O13)) | H13: =IF($O13="","",INDEX('Auto Process'!$AJ:$AJ,$O13)) | I13: =IF($O13="","",INDEX('Auto Process'!$AK:$AK,$O13)) | J13: =IF($O13="","",INDEX('Auto Process'!$AL:$AL,$O13)) | K13: =IF($O13="","",INDEX('Auto Process'!$AM:$AM,$O13)) | L13: =IF($O13="","",INDEX('Auto Process'!$AN:$AN,$O13)) | M13: =IF($O13="","",INDEX('Auto Process'!$AO:$AO,$O13)) | O13: =IFERROR(_xlfn.AGGREGATE(15,6,ROW('Auto Process'!$D$4:$D$503)/('Auto Process'!$D$4:$D$503="Panel Details"),ROW()-1),"")
... A501: =IF($O501="","",INDEX('Auto Process'!$AC:$AC,$O501)) | B501: =IF($O501="","",INDEX('Auto Process'!$AD:$AD,$O501)) | C501: =IF($O501="","",INDEX('Auto Process'!$AE:$AE,$O501)) | D501: =IF($O501="","",INDEX('Auto Process'!$AF:$AF,$O501)) | E501: =IF($O501="","",INDEX('Auto Process'!$AG:$AG,$O501)) | F501: =IF($O501="","",INDEX('Auto Process'!$AH:$AH,$O501)) | G501: =IF($O501="","",INDEX('Auto Process'!$AI:$AI,$O501)) | H501: =IF($O501="","",INDEX('Auto Process'!$AJ:$AJ,$O501)) | I501: =IF($O501="","",INDEX('Auto Process'!$AK:$AK,$O501)) | J501: =IF($O501="","",INDEX('Auto Process'!$AL:$AL,$O501)) | K501: =IF($O501="","",INDEX('Auto Process'!$AM:$AM,$O501)) | L501: =IF($O501="","",INDEX('Auto Process'!$AN:$AN,$O501)) | M501: =IF($O501="","",INDEX('Auto Process'!$AO:$AO,$O501)) | O501: =IFERROR(_xlfn.AGGREGATE(15,6,ROW('Auto Process'!$D$4:$D$503)/('Auto Process'!$D$4:$D$503="Panel Details"),ROW()-1),"")

Sheet Followup
A1: Email | B1: Name | C1: Mobile | D1: Location | E1: Designation | F1: Primary skill (submitted) | G1: Secondary skill (submitted) | H1: Note | J1: srcRow
A2: =IF($J2="","",INDEX('Auto Process'!$AP:$AP,$J2)) | B2: =IF($J2="","",INDEX('Auto Process'!$AQ:$AQ,$J2)) | C2: =IF($J2="","",INDEX('Auto Process'!$AR:$AR,$J2)) | D2: =IF($J2="","",INDEX('Auto Process'!$AS:$AS,$J2)) | E2: =IF($J2="","",INDEX('Auto Process'!$AT:$AT,$J2)) | F2: =IF($J2="","",INDEX('Auto Process'!$AU:$AU,$J2)) | G2: =IF($J2="","",INDEX('Auto Process'!$AV:$AV,$J2)) | H2: =IF($J2="","",INDEX('Auto Process'!$AW:$AW,$J2)) | J2: =IFERROR(_xlfn.AGGREGATE(15,6,ROW('Auto Process'!$D$4:$D$503)/('Auto Process'!$D$4:$D$503="Followup"),ROW()-1),"")
A3: =IF($J3="","",INDEX('Auto Process'!$AP:$AP,$J3)) | B3: =IF($J3="","",INDEX('Auto Process'!$AQ:$AQ,$J3)) | C3: =IF($J3="","",INDEX('Auto Process'!$AR:$AR,$J3)) | D3: =IF($J3="","",INDEX('Auto Process'!$AS:$AS,$J3)) | E3: =IF($J3="","",INDEX('Auto Process'!$AT:$AT,$J3)) | F3: =IF($J3="","",INDEX('Auto Process'!$AU:$AU,$J3)) | G3: =IF($J3="","",INDEX('Auto Process'!$AV:$AV,$J3)) | H3: =IF($J3="","",INDEX('Auto Process'!$AW:$AW,$J3)) | J3: =IFERROR(_xlfn.AGGREGATE(15,6,ROW('Auto Process'!$D$4:$D$503)/('Auto Process'!$D$4:$D$503="Followup"),ROW()-1),"")
A4: =IF($J4="","",INDEX('Auto Process'!$AP:$AP,$J4)) | B4: =IF($J4="","",INDEX('Auto Process'!$AQ:$AQ,$J4)) | C4: =IF($J4="","",INDEX('Auto Process'!$AR:$AR,$J4)) | D4: =IF($J4="","",INDEX('Auto Process'!$AS:$AS,$J4)) | E4: =IF($J4="","",INDEX('Auto Process'!$AT:$AT,$J4)) | F4: =IF($J4="","",INDEX('Auto Process'!$AU:$AU,$J4)) | G4: =IF($J4="","",INDEX('Auto Process'!$AV:$AV,$J4)) | H4: =IF($J4="","",INDEX('Auto Process'!$AW:$AW,$J4)) | J4: =IFERROR(_xlfn.AGGREGATE(15,6,ROW('Auto Process'!$D$4:$D$503)/('Auto Process'!$D$4:$D$503="Followup"),ROW()-1),"")
A5: =IF($J5="","",INDEX('Auto Process'!$AP:$AP,$J5)) | B5: =IF($J5="","",INDEX('Auto Process'!$AQ:$AQ,$J5)) | C5: =IF($J5="","",INDEX('Auto Process'!$AR:$AR,$J5)) | D5: =IF($J5="","",INDEX('Auto Process'!$AS:$AS,$J5)) | E5: =IF($J5="","",INDEX('Auto Process'!$AT:$AT,$J5)) | F5: =IF($J5="","",INDEX('Auto Process'!$AU:$AU,$J5)) | G5: =IF($J5="","",INDEX('Auto Process'!$AV:$AV,$J5)) | H5: =IF($J5="","",INDEX('Auto Process'!$AW:$AW,$J5)) | J5: =IFERROR(_xlfn.AGGREGATE(15,6,ROW('Auto Process'!$D$4:$D$503)/('Auto Process'!$D$4:$D$503="Followup"),ROW()-1),"")
A6: =IF($J6="","",INDEX('Auto Process'!$AP:$AP,$J6)) | B6: =IF($J6="","",INDEX('Auto Process'!$AQ:$AQ,$J6)) | C6: =IF($J6="","",INDEX('Auto Process'!$AR:$AR,$J6)) | D6: =IF($J6="","",INDEX('Auto Process'!$AS:$AS,$J6)) | E6: =IF($J6="","",INDEX('Auto Process'!$AT:$AT,$J6)) | F6: =IF($J6="","",INDEX('Auto Process'!$AU:$AU,$J6)) | G6: =IF($J6="","",INDEX('Auto Process'!$AV:$AV,$J6)) | H6: =IF($J6="","",INDEX('Auto Process'!$AW:$AW,$J6)) | J6: =IFERROR(_xlfn.AGGREGATE(15,6,ROW('Auto Process'!$D$4:$D$503)/('Auto Process'!$D$4:$D$503="Followup"),ROW()-1),"")
A7: =IF($J7="","",INDEX('Auto Process'!$AP:$AP,$J7)) | B7: =IF($J7="","",INDEX('Auto Process'!$AQ:$AQ,$J7)) | C7: =IF($J7="","",INDEX('Auto Process'!$AR:$AR,$J7)) | D7: =IF($J7="","",INDEX('Auto Process'!$AS:$AS,$J7)) | E7: =IF($J7="","",INDEX('Auto Process'!$AT:$AT,$J7)) | F7: =IF($J7="","",INDEX('Auto Process'!$AU:$AU,$J7)) | G7: =IF($J7="","",INDEX('Auto Process'!$AV:$AV,$J7)) | H7: =IF($J7="","",INDEX('Auto Process'!$AW:$AW,$J7)) | J7: =IFERROR(_xlfn.AGGREGATE(15,6,ROW('Auto Process'!$D$4:$D$503)/('Auto Process'!$D$4:$D$503="Followup"),ROW()-1),"")
A8: =IF($J8="","",INDEX('Auto Process'!$AP:$AP,$J8)) | B8: =IF($J8="","",INDEX('Auto Process'!$AQ:$AQ,$J8)) | C8: =IF($J8="","",INDEX('Auto Process'!$AR:$AR,$J8)) | D8: =IF($J8="","",INDEX('Auto Process'!$AS:$AS,$J8)) | E8: =IF($J8="","",INDEX('Auto Process'!$AT:$AT,$J8)) | F8: =IF($J8="","",INDEX('Auto Process'!$AU:$AU,$J8)) | G8: =IF($J8="","",INDEX('Auto Process'!$AV:$AV,$J8)) | H8: =IF($J8="","",INDEX('Auto Process'!$AW:$AW,$J8)) | J8: =IFERROR(_xlfn.AGGREGATE(15,6,ROW('Auto Process'!$D$4:$D$503)/('Auto Process'!$D$4:$D$503="Followup"),ROW()-1),"")
A9: =IF($J9="","",INDEX('Auto Process'!$AP:$AP,$J9)) | B9: =IF($J9="","",INDEX('Auto Process'!$AQ:$AQ,$J9)) | C9: =IF($J9="","",INDEX('Auto Process'!$AR:$AR,$J9)) | D9: =IF($J9="","",INDEX('Auto Process'!$AS:$AS,$J9)) | E9: =IF($J9="","",INDEX('Auto Process'!$AT:$AT,$J9)) | F9: =IF($J9="","",INDEX('Auto Process'!$AU:$AU,$J9)) | G9: =IF($J9="","",INDEX('Auto Process'!$AV:$AV,$J9)) | H9: =IF($J9="","",INDEX('Auto Process'!$AW:$AW,$J9)) | J9: =IFERROR(_xlfn.AGGREGATE(15,6,ROW('Auto Process'!$D$4:$D$503)/('Auto Process'!$D$4:$D$503="Followup"),ROW()-1),"")
A10: =IF($J10="","",INDEX('Auto Process'!$AP:$AP,$J10)) | B10: =IF($J10="","",INDEX('Auto Process'!$AQ:$AQ,$J10)) | C10: =IF($J10="","",INDEX('Auto Process'!$AR:$AR,$J10)) | D10: =IF($J10="","",INDEX('Auto Process'!$AS:$AS,$J10)) | E10: =IF($J10="","",INDEX('Auto Process'!$AT:$AT,$J10)) | F10: =IF($J10="","",INDEX('Auto Process'!$AU:$AU,$J10)) | G10: =IF($J10="","",INDEX('Auto Process'!$AV:$AV,$J10)) | H10: =IF($J10="","",INDEX('Auto Process'!$AW:$AW,$J10)) | J10: =IFERROR(_xlfn.AGGREGATE(15,6,ROW('Auto Process'!$D$4:$D$503)/('Auto Process'!$D$4:$D$503="Followup"),ROW()-1),"")
A11: =IF($J11="","",INDEX('Auto Process'!$AP:$AP,$J11)) | B11: =IF($J11="","",INDEX('Auto Process'!$AQ:$AQ,$J11)) | C11: =IF($J11="","",INDEX('Auto Process'!$AR:$AR,$J11)) | D11: =IF($J11="","",INDEX('Auto Process'!$AS:$AS,$J11)) | E11: =IF($J11="","",INDEX('Auto Process'!$AT:$AT,$J11)) | F11: =IF($J11="","",INDEX('Auto Process'!$AU:$AU,$J11)) | G11: =IF($J11="","",INDEX('Auto Process'!$AV:$AV,$J11)) | H11: =IF($J11="","",INDEX('Auto Process'!$AW:$AW,$J11)) | J11: =IFERROR(_xlfn.AGGREGATE(15,6,ROW('Auto Process'!$D$4:$D$503)/('Auto Process'!$D$4:$D$503="Followup"),ROW()-1),"")
A12: =IF($J12="","",INDEX('Auto Process'!$AP:$AP,$J12)) | B12: =IF($J12="","",INDEX('Auto Process'!$AQ:$AQ,$J12)) | C12: =IF($J12="","",INDEX('Auto Process'!$AR:$AR,$J12)) | D12: =IF($J12="","",INDEX('Auto Process'!$AS:$AS,$J12)) | E12: =IF($J12="","",INDEX('Auto Process'!$AT:$AT,$J12)) | F12: =IF($J12="","",INDEX('Auto Process'!$AU:$AU,$J12)) | G12: =IF($J12="","",INDEX('Auto Process'!$AV:$AV,$J12)) | H12: =IF($J12="","",INDEX('Auto Process'!$AW:$AW,$J12)) | J12: =IFERROR(_xlfn.AGGREGATE(15,6,ROW('Auto Process'!$D$4:$D$503)/('Auto Process'!$D$4:$D$503="Followup"),ROW()-1),"")
A13: =IF($J13="","",INDEX('Auto Process'!$AP:$AP,$J13)) | B13: =IF($J13="","",INDEX('Auto Process'!$AQ:$AQ,$J13)) | C13: =IF($J13="","",INDEX('Auto Process'!$AR:$AR,$J13)) | D13: =IF($J13="","",INDEX('Auto Process'!$AS:$AS,$J13)) | E13: =IF($J13="","",INDEX('Auto Process'!$AT:$AT,$J13)) | F13: =IF($J13="","",INDEX('Auto Process'!$AU:$AU,$J13)) | G13: =IF($J13="","",INDEX('Auto Process'!$AV:$AV,$J13)) | H13: =IF($J13="","",INDEX('Auto Process'!$AW:$AW,$J13)) | J13: =IFERROR(_xlfn.AGGREGATE(15,6,ROW('Auto Process'!$D$4:$D$503)/('Auto Process'!$D$4:$D$503="Followup"),ROW()-1),"")
... A501: =IF($J501="","",INDEX('Auto Process'!$AP:$AP,$J501)) | B501: =IF($J501="","",INDEX('Auto Process'!$AQ:$AQ,$J501)) | C501: =IF($J501="","",INDEX('Auto Process'!$AR:$AR,$J501)) | D501: =IF($J501="","",INDEX('Auto Process'!$AS:$AS,$J501)) | E501: =IF($J501="","",INDEX('Auto Process'!$AT:$AT,$J501)) | F501: =IF($J501="","",INDEX('Auto Process'!$AU:$AU,$J501)) | G501: =IF($J501="","",INDEX('Auto Process'!$AV:$AV,$J501)) | H501: =IF($J501="","",INDEX('Auto Process'!$AW:$AW,$J501)) | J501: =IFERROR(_xlfn.AGGREGATE(15,6,ROW('Auto Process'!$D$4:$D$503)/('Auto Process'!$D$4:$D$503="Followup"),ROW()-1),"")

Sheet MasterPanel
A1: id | B1: email | C1: Panel Name | D1: Designation | E1: New Designation | F1: Contact | G1: Location | H1: R1/R2/R3 | I1: Skill | J1: Skill Group | K1: Panel Approved ?
A2: 1823 | B2: aaabishek@deloitte.com | C2: Abishek Abishek | D2: Senior Consultant | E2: L45 - AI and Data Science Engineer III | F2: 917867000000 | G2: Bengaluru | H2: R1 | I2: Machine Learning | J2: DS | K2: Y
A3: 1824 | B3: aaabishek@deloitte.com | C3: Abishek Abishek | D3: Senior Consultant | E3: L45 - AI and Data Science Engineer III | F3: 917867000000 | G3: Bengaluru | H3: R1 | I3: MLOPs | J3: DS | K3: Y
A4: 1825 | B4: aaabishek@deloitte.com | C4: Abishek, S A | D4: Senior Consultant | E4: L45 - AI and Data Science Engineer III | F4: 917867000000 | G4: Bengaluru | H4: R1 | I4: Gen AI | J4: AI | K4: Y
A5: 1826 | B5: aajazshaikh@deloitte.com | C5: Afnan Shaikh | D5: Senior Consultant | E5: Senior Consultant | F5: 7972722106 | G5: Pune | H5: R1 | I5: AWS - Admin | J5: Amazon Web Services (AWS) | K5: Y
A6: 1827 | B6: aajazshaikh@deloitte.com | C6: Afnan Shaikh | D6: Senior Consultant | E6: Senior Consultant | F6: 7972722106 | G6: Pune | H6: R1 | I6: Big Data Admin | J6: Big Data | K6: Y
A7: 1828 | B7: aajazshaikh@deloitte.com | C7: Ajaz Shaikh, Afnan | D7: Senior Consultant | E7: Senior Consultant | F7: 7972722106 | G7: Pune | H7: R1 | I7: Full Stack Development - Python | J7: Python | K7: Y
A8: 1829 | B8: aamadan@deloitte.com | C8: Aanchal Madan | D8: Senior Consultant | E8: L45 - Analytics and Insights Engineer III | F8: 9642047700 | G8: Hyderabad | H8: R1 | I8: Google Cloud Platform (GCP) - Architect | J8: Google Cloud Platform (GCP) | K8: Y
A9: 1830 | B9: aamadan@deloitte.com | C9: Aanchal Madan | D9: Senior Consultant | E9: L45 - Analytics and Insights Engineer III | F9: 9642047700 | G9: Hyderabad | H9: R1 | I9: Product Management | J9: Functional | K9: Y
A10: 1831 | B10: aamadan@deloitte.com | C10: Aanchal Madan | D10: Senior Consultant | E10: L45 - Analytics and Insights Engineer III | F10: 9642047700 | G10: Hyderabad | H10: R1 | I10: SQL | J10: SQL | K10: Y
A11: 1832 | B11: aamadan@deloitte.com | C11: Madan, Aanchal | D11: Senior Consultant | E11: L45 - Analytics and Insights Engineer III | F11: 9642047700 | G11: Hyderabad | H11: R1 | I11: Business Analysis | J11: Functional | K11: Y
A12: 1834 | B12: aamadan@deloitte.com | C12: Aanchal Madan | D12: Senior Consultant | E12: L45 - Analytics and Insights Engineer III | F12: 9642047700 | G12: Hyderabad | H12: R1 | I12: Data Analysis | J12: Data | K12: Y
A13: 1835 | B13: aanair@deloitte.com | C13: Nair, Aarthi | D13: Senior Consultant | E13: L45 - Data Management Engineer III | F13: 9742708232 | G13: Bengaluru | H13: R1 | I13: PL/SQL | J13: SQL | K13: Y
... A46: 1869 | B46: abaldewa@deloitte.com | C46: Ankita Baldewa | D46: Senior Consultant | E46: L45 - AI and Data Solutions Engineer | F46: 9903062924 | G46: Gurgaon | H46: R1 | I46: PL/SQL | J46: SQL | K46: Y
A47: 1870 | B47: abbiswal@deloitte.com | C47: Biswal, Abhishek | D47: Manager | E47: 0 | F47: 0 | G47: Bengaluru | H47: R2 | I47: Hadoop | J47: Big Data | K47: Y
A48: 1871 | B48: abbiswal@deloitte.com | C48: Biswal, Abhishek | D48: Manager | E48: 0 | F48: 0 | G48: Bengaluru | H48: R2 | I48: Spark | J48: Big Data | K48: Y
A49: 1872 | B49: abbiswal@deloitte.com | C49: Biswal, Abhishek | D49: Manager | E49: 0 | F49: 0 | G49: Bengaluru | H49: R2 | I49: Power BI | J49: Visualization | K49: Y
A50: 1873 | B50: abbiswal@deloitte.com | C50: Biswal, Abhishek | D50: Manager | E50: 0 | F50: 0 | G50: Bengaluru | H50: R2 | I50: Pyspark | J50: Big Data | K50: Y
A51: 1874 | B51: abdrahaman@deloitte.com | C51: Rahaman, Abdur | D51: Senior Consultant | E51: L35 - AI and Data Science Engineer II | F51: 0 | G51: Bengaluru | H51: R1 | I51: Gen AI | J51: AI | K51: Y
A52: 1875 | B52: abdrahaman@deloitte.com | C52: Rahaman, Abdur | D52: Senior Consultant | E52: L35 - AI and Data Science Engineer II | F52: 0 | G52: Bengaluru | H52: R1 | I52: Data Science | J52: DS | K52: Y
A53: 1876 | B53: abhiawasthi@deloitte.com | C53: Abhishek Awasthi | D53: Manager | E53: L55 - Lead Data Engineer II | F53: 9769671026 | G53: Bengaluru | H53: R2 | I53: Informatica Intelligent Cloud Services (IICS) | J53: Informatica | K53: Y
A54: 1877 | B54: abhichaubey@deloitte.com | C54: Abhishek Chaubey | D54: Consultant | E54: L35 - Data Engineer II | F54: 7974408878 | G54: Hyderabad | H54: R1 | I54: DBT | J54: ETL | K54: Y
A55: 1878 | B55: abhichaubey@deloitte.com | C55: Chaubey, Abhishek | D55: Consultant | E55: L35 - Data Engineer II | F55: 7974408878 | G55: Hyderabad | H55: R1 | I55: Snowflake - Developer | J55: Snowflake | K55: Y
A56: 1879 | B56: abhijimishra@deloitte.com | C56: Mishra, Abhijit | D56: Manager | E56: L55 - Lead AI and Data Solutions Engineer II | F56: 7459796521 | G56: Mumbai | H56: R2 | I56: Google Cloud Platform (GCP) - Data Engineer | J56: Google Cloud Platform (GCP) | K56: Y
A57: 1880 | B57: abhijimishra@deloitte.com | C57: Mishra, Abhijit | D57: Manager | E57: L55 - Lead AI and Data Solutions Engineer II | F57: 7459796521 | G57: Mumbai | H57: R2 | I57: Hadoop | J57: Big Data | K57: Y
A58: 1881 | B58: abhijimishra@deloitte.com | C58: Mishra, Abhijit | D58: Manager | E58: L55 - Lead AI and Data Solutions Engineer II | F58: 7459796521 | G58: Mumbai | H58: R2 | I58: SAP BODS | J58: SAP | K58: Y
A59: 1882 | B59: abhijimishra@deloitte.com | C59: Mishra, Abhijit | D59: Manager | E59: L55 - Lead AI and Data Solutions Engineer II | F59: 7459796521 | G59: Mumbai | H59: R2 | I59: Machine Learning | J59: DS | K59: Y
A60: 1883 | B60: abhijimishra@deloitte.com | C60: Mishra, Abhijit | D60: Manager | E60: L55 - Lead AI and Data Solutions Engineer II | F60: 7459796521 | G60: Mumbai | H60: R2 | I60: Gen AI | J60: AI | K60: Y
A61: 1884 | B61: abhijimishra@deloitte.com | C61: Mishra, Abhijit | D61: Manager | E61: L55 - Lead AI and Data Solutions Engineer II | F61: 7459796521 | G61: Mumbai | H61: R2 | I61: Agentic AI | J61: AI | K61: Y
A62: 1885 | B62: abhijnandi@deloitte.com | C62: Nandi, Abhijeet | D62: Manager | E62: L55 - Lead Analytics and Insights Engineer II | F62: 8123001414 | G62: Bengaluru | H62: R2 | I62: PL/SQL | J62: SQL | K62: Y
... A184: 2015 | B184: aindubajranglal@deloitte.com | C184: Aggarwal, Indu | D184: Senior Consultant | E184: L45 - Analytics and Insights Engineer III | F184: 9099092748 | G184: Pune | H184: R1 | I184: Tableau | J184: Visualization | K184: Y
A185: 2016 | B185: ajadia@deloitte.com | C185: Jadia, Aditya | D185: Senior Consultant | E185: Senior Consultant | F185: '+919407273786 | G185: Hyderabad | H185: R1 | I185: Snowflake - Developer | J185: Snowflake | K185: Y
A186: 2017 | B186: ajadia@deloitte.com | C186: Jadia, Aditya | D186: Senior Consultant | E186: Senior Consultant | F186: '+919407273786 | G186: Hyderabad | H186: R1 | I186: PL/SQL | J186: SQL | K186: Y
A187: 2018 | B187: ajadia@deloitte.com | C187: Aditya Jadia | D187: Senior Consultant | E187: Senior Consultant | F187: '+919407273786 | G187: Hyderabad | H187: R1 | I187: Python Data Engineering | J187: Python | K187: Y
A188: 2019 | B188: ajakrishnan@deloitte.com | C188: Ajay Krishnan Krishnan | D188: Manager | E188: L55 - Lead AI and Data Solutions Engineer II | F188: 918979000000 | G188: Chennai | H188: R2 | I188: AWS - Data Architect | J188: Amazon Web Services (AWS) | K188: Y
A189: 2020 | B189: ajakrishnan@deloitte.com | C189: Ajay Krishnan Krishnan | D189: Manager | E189: L55 - Lead AI and Data Solutions Engineer II | F189: 918979000000 | G189: Chennai | H189: R2 | I189: DevOps | J189: DevOps | K189: Y
A190: 2021 | B190: ajakrishnan@deloitte.com | C190: Krishnan, Ajay | D190: Manager | E190: L55 - Lead AI and Data Solutions Engineer II | F190: 918979000000 | G190: Chennai | H190: R2 | I190: Data Science | J190: DS | K190: Y
A191: 2022 | B191: ajakrishnan@deloitte.com | C191: Krishnan, Ajay | D191: Manager | E191: L55 - Lead AI and Data Solutions Engineer II | F191: 918979000000 | G191: Chennai | H191: R2 | I191: Machine Learning | J191: DS | K191: Y
A192: 2023 | B192: ajakrishnan@deloitte.com | C192: Krishnan, Ajay | D192: Manager | E192: L55 - Lead AI and Data Solutions Engineer II | F192: 918979000000 | G192: Chennai | H192: R2 | I192: Gen AI | J192: AI | K192: Y
A193: 2024 | B193: ajakrishnan@deloitte.com | C193: Krishnan, Ajay | D193: Manager | E193: L55 - Lead AI and Data Solutions Engineer II | F193: 8978986417 | G193: Chennai | H193: R2 | I193: Agentic AI | J193: AI | K193: Y
A194: 2025 | B194: ajiv@deloitte.com | C194: Ajith Kumar V | D194: Senior Consultant | E194: L45 - AI and Data Science Engineer III | F194: 9150659274 | G194: Chennai | H194: R1 | I194: Machine Learning | J194: DS | K194: Y
A195: 2026 | B195: ajiv@deloitte.com | C195: Ajith Kumar V | D195: Senior Consultant | E195: L45 - AI and Data Science Engineer III | F195: 9150659274 | G195: Chennai | H195: R1 | I195: MLOPs | J195: DS | K195: Y
A196: 2027 | B196: ajiv@deloitte.com | C196: Ajith Kumar V | D196: Senior Consultant | E196: L45 - AI and Data Science Engineer III | F196: 9150659274 | G196: Chennai | H196: R1 | I196: Gen AI | J196: AI | K196: Y
A197: 2028 | B197: ajiv@deloitte.com | C197: Ajith Kumar V | D197: Senior Consultant | E197: L45 - AI and Data Science Engineer III | F197: 9150659274 | G197: Chennai | H197: R1 | I197: Data Science | J197: DS | K197: Y
A198: 2029 | B198: ajogeorge@deloitte.com | C198: Ajoy George | D198: Manager | E198: L55 - Lead AI and Data Solutions Engineer II | F198: 918680000000 | G198: Jersey City | H198: R2 | I198: Gen AI | J198: AI | K198: Y
A199: 2030 | B199: ajogeorge@deloitte.com | C199: Ajoy George | D199: Manager | E199: L55 - Lead AI and Data Solutions Engineer II | F199: 918680000000 | G199: Jersey City | H199: R2 | I199: Snowflake - Architect | J199: Snowflake | K199: Y
... A252: 2086 | B252: akkaushik@deloitte.com | C252: Akanksha Kaushik | D252: Senior Consultant | E252: L45 - Data Engineer III | F252: 7899078417 | G252: Gurgaon | H252: R1 | I252: Informatica Power Center (IPC) | J252: ETL | K252: Y
A253: 2087 | B253: akokitkar@deloitte.com | C253: Avdhoot Kokitkar | D253: Manager | E253: 0 | F253: 7208418850 | G253: Mumbai | H253: R2 | I253: Informatica Intelligent Cloud Services (IICS) | J253: Informatica | K253: Y
A254: 2088 | B254: akokitkar@deloitte.com | C254: Avdhoot Kokitkar | D254: Manager | E254: 0 | F254: 7208418850 | G254: Mumbai | H254: R2 | I254: Informatica Power Center (IPC) | J254: ETL | K254: Y
A255: 2089 | B255: akokitkar@deloitte.com | C255: Avdhoot Kokitkar | D255: Manager | E255: 0 | F255: 7208418850 | G255: Mumbai | H255: R2 | I255: Snowflake - Developer | J255: Snowflake | K255: Y
A256: 2090 | B256: akokitkar@deloitte.com | C256: Avdhoot Kokitkar | D256: Manager | E256: 0 | F256: 7208418850 | G256: Mumbai | H256: R2 | I256: DBT | J256: ETL | K256: Y
A257: 2091 | B257: akolamuri@deloitte.com | C257: Anisha Kolamuri | D257: Manager | E257: L55 - Lead AI and Data Solutions Engineer II | F257: 9951587183 | G257: Hyderabad | H257: R2 | I257: AI & Data Testing | J257: Testing | K257: Y
A258: 2092 | B258: akolamuri@deloitte.com | C258: Anisha Kolamuri | D258: Manager | E258: L55 - Lead AI and Data Solutions Engineer II | F258: 9951587183 | G258: Hyderabad | H258: R2 | I258: Informatica Power Center (IPC) | J258: ETL | K258: Y
A259: 2093 | B259: akolamuri@deloitte.com | C259: Gajjela, Sudhir | D259: Manager | E259: L55 - Lead AI and Data Solutions Engineer II | F259: 9951587183 | G259: Hyderabad | H259: R2 | I259: AWS - Data Engineer | J259: Amazon Web Services (AWS) | K259: Y
A260: 2094 | B260: akolamuri@deloitte.com | C260: Anisha Kolamuri | D260: Manager | E260: L55 - Lead AI and Data Solutions Engineer II | F260: 9951587183 | G260: Hyderabad | H260: R2 | I260: Databricks - Data Engineer | J260: Databricks | K260: Y
A261: 2095 | B261: akolamuri@deloitte.com | C261: Anisha Kolamuri | D261: Manager | E261: L55 - Lead AI and Data Solutions Engineer II | F261: 9951587183 | G261: Hyderabad | H261: R2 | I261: PL/SQL | J261: SQL | K261: Y
A262: 2096 | B262: akolamuri@deloitte.com | C262: Anisha Kolamuri | D262: Manager | E262: L55 - Lead AI and Data Solutions Engineer II | F262: 9951587183 | G262: Hyderabad | H262: R2 | I262: Snowflake - Developer | J262: Snowflake | K262: Y
A263: 2097 | B263: akomarlasathyanar@deloitte.com | C263: Komarla SathyanarayanaSetty, Anand | D263: Senior Consultant | E263: 0 | F263: 9743301214 | G263: Bengaluru | H263: R1 | I263: PL/SQL | J263: SQL | K263: Y
A264: 2098 | B264: akomarlasathyanar@deloitte.com | C264: Anand Komarla SathyanarayanaSetty | D264: Senior Consultant | E264: 0 | F264: 9743301214 | G264: Bengaluru | H264: R1 | I264: Power BI | J264: Visualization | K264: Y
A265: 2100 | B265: akomarlasathyanar@deloitte.com | C265: Anand Komarla SathyanarayanaSetty | D265: Senior Consultant | E265: 0 | F265: 9743301214 | G265: Bengaluru | H265: R1 | I265: Microsoft SQL | J265: ETL | K265: Y
A266: 2103 | B266: akomarlasathyanar@deloitte.com | C266: Anand Komarla SathyanarayanaSetty | D266: Senior Consultant | E266: 0 | F266: 9743301214 | G266: Bengaluru | H266: R1 | I266: Microsoft SSIS | J266: ETL | K266: Y
A267: 2104 | B267: akshasingh@deloitte.com | C267: Singh, Akshayjeet | D267: Senior Manager | E267: L65 - Associate Vice President, AI and Data Solutions | F267: 9999764955 | G267: Gurgaon | H267: R3 | I267: Hadoop | J267: Big Data | K267: Y
A268: 2105 | B268: akshasingh@deloitte.com | C268: Singh, Akshayjeet | D268: Senior Manager | E268: L65 - Associate Vice President, AI and Data Solutions | F268: 9999764955 | G268: Gurgaon | H268: R3 | I268: Pyspark | J268: Big Data | K268: Y
A269: 2106 | B269: akshasingh@deloitte.com | C269: Singh, Akshayjeet | D269: Senior Manager | E269: L65 - Associate Vice President, AI and Data Solutions | F269: 9999764955 | G269: Gurgaon | H269: R3 | I269: Spark | J269: Big Data | K269: Y
A270: 2107 | B270: akshasingh@deloitte.com | C270: Singh, Akshayjeet | D270: Senior Manager | E270: L65 - Associate Vice President, AI and Data Solutions | F270: 9999764955 | G270: Gurgaon | H270: R3 | I270: Scala | J270: Big Data | K270: Y
A271: 2108 | B271: akshatjain3@deloitte.com | C271: Akshat Jain | D271: Manager | E271: L55 - Lead Analytics and Insights Engineer II | F271: 7899433840 | G271: Gurgaon | H271: R2 | I271: SAS | J271: SAS | K271: Y
A272: 2110 | B272: akshatmittal@deloitte.com | C272: Mittal, Akshat | D272: Manager | E272: L55 - Lead Data Engineer II | F272: 9650629577 | G272: Gurgaon | H272: R2 | I272: Microsoft SSRS | J272: Visualization | K272: Y
A273: 2111 | B273: akshatmittal@deloitte.com | C273: Akshat Mittal | D273: Manager | E273: L55 - Lead Data Engineer II | F273: 9650629577 | G273: Gurgaon | H273: R2 | I273: Microsoft SSIS | J273: ETL | K273: Y
A274: 2112 | B274: akshatmittal@deloitte.com | C274: Akshat Mittal | D274: Manager | E274: L55 - Lead Data Engineer II | F274: 9650629577 | G274: Gurgaon | H274: R2 | I274: Snowflake - Developer | J274: Snowflake | K274: Y
A275: 2113 | B275: akthapar@deloitte.com | C275: Akriti Thapar | D275: Senior Consultant | E275: L45 - Data Engineer III | F275: 9052664441 | G275: Gurgaon | H275: R1 | I275: Informatica Intelligent Cloud Services (IICS) | J275: Informatica | K275: Y
A276: 2114 | B276: akthapar@deloitte.com | C276: Akriti Thapar | D276: Senior Consultant | E276: L45 - Data Engineer III | F276: 9052664441 | G276: Gurgaon | H276: R1 | I276: Informatica Power Center (IPC) | J276: ETL | K276: Y
A277: 2115 | B277: akthapar@deloitte.com | C277: Akriti Thapar | D277: Senior Consultant | E277: L45 - Data Engineer III | F277: 9052664441 | G277: Gurgaon | H277: R1 | I277: Snowflake - Developer | J277: Snowflake | K277: Y
A278: 2116 | B278: akuchibhatla@deloitte.com | C278: Kuchibhatla, Anil | D278: Manager | E278: L55 - Manager, Functional Transformation | F278: 9000447654 | G278: Hyderabad | H278: R2 | I278: IBM Cognos BI | J278: Visualization | K278: Y
... A349: 2190 | B349: amishitole@deloitte.com | C349: Amit Gopal Shitole | D349: Manager | E349: L55 - Lead AI and Data Solutions Engineer II | F349: 0 | G349: Pune | H349: R2 | I349: Tableau | J349: Visualization | K349: Y
A350: 2191 | B350: AMITGUPTA9@DELOITTE.COM | C350: Gupta, Amit | D350: Manager | E350: 0 | F350: 0 | G350: Bengaluru | H350: R2 | I350: AWS - Data Architect | J350: Amazon Web Services (AWS) | K350: Y
A351: 2192 | B351: amitkumar39@deloitte.com | C351: Kumar, Amit | D351: Manager | E351: L55 - Lead AI and Data Solutions Engineer II | F351: 9004446280 | G351: Bengaluru | H351: R2 | I351: Python | J351: Python | K351: Y
A352: 2194 | B352: amitkumar39@deloitte.com | C352: Amit Kumar | D352: Manager | E352: L55 - Lead AI and Data Solutions Engineer II | F352: 9004446280 | G352: Bengaluru | H352: R2 | I352: Front End Development - React | J352: Front-End | K352: Y
A353: 2195 | B353: amitkumar39@deloitte.com | C353: Amit Kumar | D353: Manager | E353: L55 - Lead AI and Data Solutions Engineer II | F353: 9004446280 | G353: Bengaluru | H353: R2 | I353: CSS | J353: Front-End | K353: Y
A354: 2196 | B354: amitkumar39@deloitte.com | C354: Amit Kumar | D354: Manager | E354: L55 - Lead AI and Data Solutions Engineer II | F354: 9004446280 | G354: Bengaluru | H354: R2 | I354: HTML | J354: Front-End | K354: Y
A355: 2197 | B355: amitkumar39@deloitte.com | C355: Kumar, Amit | D355: Manager | E355: L55 - Lead AI and Data Solutions Engineer II | F355: 9004446280 | G355: Bengaluru | H355: R2 | I355: Full Stack Development - Python | J355: Python | K355: Y
A356: 2198 | B356: amitkumar39@deloitte.com | C356: Amit Kumar | D356: Manager | E356: L55 - Lead AI and Data Solutions Engineer II | F356: 9004446280 | G356: Bengaluru | H356: R2 | I356: Angular JS | J356: Front-End | K356: Y
A357: 2199 | B357: amitkumar39@deloitte.com | C357: Amit Kumar | D357: Manager | E357: L55 - Lead AI and Data Solutions Engineer II | F357: 9004446280 | G357: Bengaluru | H357: R2 | I357: Full Stack Development- Angular/React/Java/Node JS | J357: Java | K357: Y
A358: 2200 | B358: amitkumar39@deloitte.com | C358: Amit Kumar | D358: Manager | E358: L55 - Lead AI and Data Solutions Engineer II | F358: 9004446280 | G358: Bengaluru | H358: R2 | I358: Javascript | J358: Java | K358: Y
A359: 2201 | B359: amitkumar39@deloitte.com | C359: Amit Kumar | D359: Manager | E359: L55 - Lead AI and Data Solutions Engineer II | F359: 9004446280 | G359: Bengaluru | H359: R2 | I359: Python Data Engineering | J359: Python | K359: Y
A360: 2202 | B360: amitkumarsingh@deloitte.com | C360: Amit Kumar | D360: Senior Consultant | E360: L45 - AI and Data Solutions Engineer | F360: 919394000000 | G360: Hyderabad | H360: R1 | I360: Databricks - Data Engineer | J360: Databricks | K360: Y
A361: 2204 | B361: amitkumarsingh@deloitte.com | C361: Amit Kumar | D361: Senior Consultant | E361: L45 - AI and Data Solutions Engineer | F361: 9000927375 | G361: Hyderabad | H361: R1 | I361: Microsoft Azure - Data Engineer | J361: Microsoft Azure | K361: Y
A362: 2205 | B362: amitkumarsingh@deloitte.com | C362: Amit Kumar | D362: Senior Consultant | E362: L45 - AI and Data Solutions Engineer | F362: 9393927375 | G362: Hyderabad | H362: R1 | I362: Snowflake - Developer | J362: Snowflake | K362: Y
... A397: 2241 | B397: amsarkar@deloitte.com | C397: Sarkar, Amardeep | D397: Senior Consultant | E397: L45 - Data Engineer III | F397: 7205289585 | G397: Bengaluru | H397: R1 | I397: AI & Data Testing | J397: Testing | K397: Y
A398: 2242 | B398: amsinha@deloitte.com | C398: Sinha, Amrita | D398: Manager | E398: 0 | F398: 9820627577 | G398: Mumbai | H398: R2 | I398: Oracle Data Integrator (ODI) | J398: Oracle | K398: Y
A399: 2246 | B399: amunshi@deloitte.com | C399: Munshi, Akhilesh | D399: Manager | E399: L55 - Lead Analytics and Insights Engineer II | F399: 9550545669 | G399: Hyderabad | H399: R2 | I399: IBM Cognos BI | J399: Visualization | K399: Y
A400: 2247 | B400: anachaturvedi@deloitte.com | C400: Anant Chaturvedi | D400: Manager | E400: L55 - Manager, Functional Transformation | F400: 8826336668 | G400: Gurgaon | H400: R2 | I400: Microsoft Azure - Data Engineer | J400: Microsoft Azure | K400: Y
A401: 2248 | B401: anachaturvedi@deloitte.com | C401: Anant Chaturvedi | D401: Manager | E401: L55 - Manager, Functional Transformation | F401: 8826336668 | G401: Gurgaon | H401: R2 | I401: Data Modelling | J401: Data | K401: Y
A402: 2249 | B402: anachaturvedi@deloitte.com | C402: Anant Chaturvedi | D402: Manager | E402: L55 - Manager, Functional Transformation | F402: 8826336668 | G402: Gurgaon | H402: R2 | I402: Power BI | J402: Visualization | K402: Y
A403: 2250 | B403: anachaturvedi@deloitte.com | C403: Chaturvedi, Anant | D403: Manager | E403: L55 - Manager, Functional Transformation | F403: 8826336668 | G403: Gurgaon | H403: R2 | I403: Databricks - Data Engineer | J403: Databricks | K403: Y
A404: 2251 | B404: anadutta@deloitte.com | C404: Dutta, Ananya | D404: Senior Consultant | E404: 0 | F404: 0 | G404: Bengaluru | H404: R1 | I404: IBM Cognos BI | J404: Visualization | K404: Y
A405: 2252 | B405: anadutta@deloitte.com | C405: Dutta, Ananya | D405: Senior Consultant | E405: 0 | F405: 0 | G405: Bengaluru | H405: R1 | I405: Oracle OBIA-OBIEE | J405: Oracle | K405: Y
A406: 2253 | B406: anadutta@deloitte.com | C406: Ananya Dutta | D406: Senior Consultant | E406: 0 | F406: 7829171510 | G406: Bengaluru | H406: R1 | I406: Power BI | J406: Visualization | K406: Y
A407: 2254 | B407: anadutta@deloitte.com | C407: Ananya Dutta | D407: Senior Consultant | E407: 0 | F407: 0 | G407: Bengaluru | H407: R1 | I407: Power BI | J407: Visualization | K407: Y
A408: 2255 | B408: anadutta@deloitte.com | C408: Ananya Dutta | D408: Senior Consultant | E408: 0 | F408: 0 | G408: Bengaluru | H408: R1 | I408: Tableau | J408: Visualization | K408: Y
A409: 2256 | B409: anagpure@deloitte.com | C409: amit nagpure | D409: Manager | E409: L55 - Lead AI and Data Solutions Engineer II | F409: 9986918679 | G409: Bengaluru | H409: R2 | I409: Google Cloud Platform (GCP) - Admin | J409: Google Cloud Platform (GCP) | K409: Y
...

Sheet Survey Response
A1: ID | B1: Start time | C1: Completion time | D1: Email | E1: Name | F1: Last modified time | G1: Mobile Number | H1: Please select your location | I1: Are you available to conduct interviews scheduled for the weekend of September 26th, 2026? | J1: Are you taking for the first time? | K1: Kindly select your primary skill | L1: Kindly select your secondary skill | M1: Please select your designation

Sheet Auto Process
A1: AUTO PROCESS (Chennai) v3 - simplified. Number of Slots is always 8 (fixed, per instruction - no duration parsing). Routing: check Primary skill first (approved AND still has capacity vs Gap Sheet's Ask, first-come-first-served by completion time) - if it fits, place there. Else check Secondary skill the same way. Else -> Followup. Capacity is tracked here directly against the Ask numbers (not the live Gap Sheet Available column) to avoid a circular reference, since Panel Details itself depends on this routing.
A3: Survey(check) | B3: Auto(check) | C3: Check | D3: Route | E3: Is Latest | F3: Survey ID | G3: Completion | H3: Email (norm) | I3: Available raw | J3: Primary raw | K3: Mapped Primary | L3: Secondary raw | M3: Mapped Secondary | N3: Designation | O3: Level | P3: PrimaryApproved? | Q3: PrimaryAsk | R3: PrimaryKey | S3: PriorMatchesPrimary | T3: PrimaryRequired? | U3: SecondaryApproved? | V3: SecondaryAsk | W3: SecondaryKey | X3: PriorMatchesSecondary | Y3: SecondaryRequired? | Z3: MatchedSkill | AA3: MatchedKey | AB3: Comment | AC3: ID | AD3: Email | AE3: Name | AF3: Mobile | AG3: Primary Skill | AH3: Secondary Skill | AI3: Location | AJ3: Designation | AK3: Level | AL3: Number of Slots | AM3: Comments | AN3: In Master Panel List? | AO3: Panel to Travel | AP3: Email | AQ3: Name | AR3: Mobile | AS3: Location | AT3: Designation | AU3: Primary skill (submitted) | AV3: Secondary skill (submitted) | AW3: Note
A4: =IF('Survey Response'!$D2="","",'Survey Response'!$A2&"|"&LOWER(TRIM('Survey Response'!$D2))) | B4: =IF($H4="","",$F4&"|"&$H4) | C4: =IF($H4="","",$A4=$B4) | D4: =IF($H4="","",IF($E4<>"Yes","Superseded",IF($I4<>"Yes, I'm available for in-person interviews at Chennai","Not Available",IF($Z4<>"","Panel Details","Followup")))) | E4: =IF($H4="","",IF(SUMPRODUCT(($H$4:$H$503=$H4)*(($G$4:$G$503>$G4)+($G$4:$G$503=$G4)*($F$4:$F$503>$F4)))=0,"Yes","No")) | F4: =IF('Survey Response'!$D2="","",INT('Survey Response'!$A2)) | G4: =IF('Survey Response'!$D2="","",'Survey Response'!$C2) | H4: =IF('Survey Response'!$D2="","",LOWER(TRIM('Survey Response'!$D2))) | I4: =IF($H4="","",'Survey Response'!$I2) | J4: =IF($H4="","",'Survey Response'!$K2) | K4: =IF($J4="","",IF(COUNTIF('Skill Mapping'!$A$2:$A$7,TRIM($J4))=0,"",INDEX('Skill Mapping'!$B$2:$B$7,MATCH(TRIM($J4),'Skill Mapping'!$A$2:$A$7,0)))) | L4: =IF($H4="","",'Survey Response'!$L2) | M4: =IF($L4="","",IF(COUNTIF('Skill Mapping'!$A$2:$A$7,TRIM($L4))=0,"",INDEX('Skill Mapping'!$B$2:$B$7,MATCH(TRIM($L4),'Skill Mapping'!$A$2:$A$7,0)))) | N4: =IF($H4="","",'Survey Response'!$M2) | O4: =IF($H4="","",IF('Survey Response'!$M2="Manager","R2","R1")) | P4: =IF($K4="","No",IF(COUNTIFS(MasterPanel!$B:$B,$H4,MasterPanel!$I:$I,$K4,MasterPanel!$K:$K,"Y")>0,"Yes","No")) -> No | Q4: =IF($K4="",0,IF(COUNTIF('Gap Sheet'!$A$6:$A$11,TRIM($J4))=0,0,IF($O4="R1",INDEX('Gap Sheet'!$C$6:$C$11,MATCH(TRIM($J4),'Gap Sheet'!$A$6:$A$11,0)),INDEX('Gap Sheet'!$G$6:$G$11,MATCH(TRIM($J4),'Gap Sheet'!$A$6:$A$11,0))))) -> 0 | R4: =IF($K4="","",$K4&"|"&$O4) | S4: =0 -> 0 | T4: =IF(OR($I4<>"Yes, I'm available for in-person interviews at Chennai",$E4<>"Yes",$P4<>"Yes"),"No",IF(($Q4-$S4)>0,"Yes","No")) -> No | U4: =IF($M4="","No",IF(COUNTIFS(MasterPanel!$B:$B,$H4,MasterPanel!$I:$I,$M4,MasterPanel!$K:$K,"Y")>0,"Yes","No")) -> No | V4: =IF($M4="",0,IF(COUNTIF('Gap Sheet'!$A$6:$A$11,TRIM($L4))=0,0,IF($O4="R1",INDEX('Gap Sheet'!$C$6:$C$11,MATCH(TRIM($L4),'Gap Sheet'!$A$6:$A$11,0)),INDEX('Gap Sheet'!$G$6:$G$11,MATCH(TRIM($L4),'Gap Sheet'!$A$6:$A$11,0))))) -> 0 | W4: =IF($M4="","",$M4&"|"&$O4) | X4: =0 -> 0 | Y4: =IF(OR($I4<>"Yes, I'm available for in-person interviews at Chennai",$E4<>"Yes",$T4="Yes",$U4<>"Yes"),"No",IF(($V4-$X4)>0,"Yes","No")) -> No | Z4: =IF($T4="Yes","Primary",IF($Y4="Yes","Secondary","")) | AA4: =IF($Z4="Primary",$R4,IF($Z4="Secondary",$W4,"")) | AB4: =IF($Z4="Primary","Matched on primary skill",IF($Z4="Secondary","Matched on secondary skill (primary not approved or not required)","")) | AC4: =IF($D4="Panel Details",$F4,"") | AD4: =IF($D4="Panel Details",'Survey Response'!$D2,"") | AE4: =IF($D4="Panel Details",'Survey Response'!$E2,"") | AF4: =IF($D4="Panel Details",'Survey Response'!$G2,"") | AG4: =IF($D4="Panel Details",IF($Z4="Primary",$J4,$L4),"") | AH4: =IF($D4="Panel Details",IF($Z4="Primary",$L4,$J4),"") | AI4: =IF($D4="Panel Details",'Survey Response'!$H2,"") | AJ4: =IF($D4="Panel Details",'Survey Response'!$M2,"") | AK4: =IF($D4="Panel Details",$O4,"") | AL4: =IF($D4="Panel Details",8,"") | AM4: =IF($D4="Panel Details",$AB4,"") | AN4: =IF($D4="Panel Details","Yes","") | AP4: =IF($D4="Followup",'Survey Response'!$D2,"") | AQ4: =IF($D4="Followup",'Survey Response'!$E2,"") | AR4: =IF($D4="Followup",'Survey Response'!$G2,"") | AS4: =IF($D4="Followup",'Survey Response'!$H2,"") | AT4: =IF($D4="Followup",'Survey Response'!$M2,"") | AU4: =IF($D4="Followup",'Survey Response'!$K2,"") | AV4: =IF($D4="Followup",'Survey Response'!$L2,"") | AW4: =IF($D4="Followup",IF(AND($P4<>"Yes",$U4<>"Yes"),"Not approved for primary or secondary skill","Approved, but skill(s) no longer have capacity (fully staffed)"),"")
A5: =IF('Survey Response'!$D3="","",'Survey Response'!$A3&"|"&LOWER(TRIM('Survey Response'!$D3))) | B5: =IF($H5="","",$F5&"|"&$H5) | C5: =IF($H5="","",$A5=$B5) | D5: =IF($H5="","",IF($E5<>"Yes","Superseded",IF($I5<>"Yes, I'm available for in-person interviews at Chennai","Not Available",IF($Z5<>"","Panel Details","Followup")))) | E5: =IF($H5="","",IF(SUMPRODUCT(($H$4:$H$503=$H5)*(($G$4:$G$503>$G5)+($G$4:$G$503=$G5)*($F$4:$F$503>$F5)))=0,"Yes","No")) | F5: =IF('Survey Response'!$D3="","",INT('Survey Response'!$A3)) | G5: =IF('Survey Response'!$D3="","",'Survey Response'!$C3) | H5: =IF('Survey Response'!$D3="","",LOWER(TRIM('Survey Response'!$D3))) | I5: =IF($H5="","",'Survey Response'!$I3) | J5: =IF($H5="","",'Survey Response'!$K3) | K5: =IF($J5="","",IF(COUNTIF('Skill Mapping'!$A$2:$A$7,TRIM($J5))=0,"",INDEX('Skill Mapping'!$B$2:$B$7,MATCH(TRIM($J5),'Skill Mapping'!$A$2:$A$7,0)))) | L5: =IF($H5="","",'Survey Response'!$L3) | M5: =IF($L5="","",IF(COUNTIF('Skill Mapping'!$A$2:$A$7,TRIM($L5))=0,"",INDEX('Skill Mapping'!$B$2:$B$7,MATCH(TRIM($L5),'Skill Mapping'!$A$2:$A$7,0)))) | N5: =IF($H5="","",'Survey Response'!$M3) | O5: =IF($H5="","",IF('Survey Response'!$M3="Manager","R2","R1")) | P5: =IF($K5="","No",IF(COUNTIFS(MasterPanel!$B:$B,$H5,MasterPanel!$I:$I,$K5,MasterPanel!$K:$K,"Y")>0,"Yes","No")) -> No | Q5: =IF($K5="",0,IF(COUNTIF('Gap Sheet'!$A$6:$A$11,TRIM($J5))=0,0,IF($O5="R1",INDEX('Gap Sheet'!$C$6:$C$11,MATCH(TRIM($J5),'Gap Sheet'!$A$6:$A$11,0)),INDEX('Gap Sheet'!$G$6:$G$11,MATCH(TRIM($J5),'Gap Sheet'!$A$6:$A$11,0))))) -> 0 | R5: =IF($K5="","",$K5&"|"&$O5) | S5: =IF($R5="",0,COUNTIF($AA$4:$AA4,$R5)) -> 0 | T5: =IF(OR($I5<>"Yes, I'm available for in-person interviews at Chennai",$E5<>"Yes",$P5<>"Yes"),"No",IF(($Q5-$S5)>0,"Yes","No")) -> No | U5: =IF($M5="","No",IF(COUNTIFS(MasterPanel!$B:$B,$H5,MasterPanel!$I:$I,$M5,MasterPanel!$K:$K,"Y")>0,"Yes","No")) -> No | V5: =IF($M5="",0,IF(COUNTIF('Gap Sheet'!$A$6:$A$11,TRIM($L5))=0,0,IF($O5="R1",INDEX('Gap Sheet'!$C$6:$C$11,MATCH(TRIM($L5),'Gap Sheet'!$A$6:$A$11,0)),INDEX('Gap Sheet'!$G$6:$G$11,MATCH(TRIM($L5),'Gap Sheet'!$A$6:$A$11,0))))) -> 0 | W5: =IF($M5="","",$M5&"|"&$O5) | X5: =IF($W5="",0,COUNTIF($AA$4:$AA4,$W5)) -> 0 | Y5: =IF(OR($I5<>"Yes, I'm available for in-person interviews at Chennai",$E5<>"Yes",$T5="Yes",$U5<>"Yes"),"No",IF(($V5-$X5)>0,"Yes","No")) -> No | Z5: =IF($T5="Yes","Primary",IF($Y5="Yes","Secondary","")) | AA5: =IF($Z5="Primary",$R5,IF($Z5="Secondary",$W5,"")) | AB5: =IF($Z5="Primary","Matched on primary skill",IF($Z5="Secondary","Matched on secondary skill (primary not approved or not required)","")) | AC5: =IF($D5="Panel Details",$F5,"") | AD5: =IF($D5="Panel Details",'Survey Response'!$D3,"") | AE5: =IF($D5="Panel Details",'Survey Response'!$E3,"") | AF5: =IF($D5="Panel Details",'Survey Response'!$G3,"") | AG5: =IF($D5="Panel Details",IF($Z5="Primary",$J5,$L5),"") | AH5: =IF($D5="Panel Details",IF($Z5="Primary",$L5,$J5),"") | AI5: =IF($D5="Panel Details",'Survey Response'!$H3,"") | AJ5: =IF($D5="Panel Details",'Survey Response'!$M3,"") | AK5: =IF($D5="Panel Details",$O5,"") | AL5: =IF($D5="Panel Details",8,"") | AM5: =IF($D5="Panel Details",$AB5,"") | AN5: =IF($D5="Panel Details","Yes","") | AP5: =IF($D5="Followup",'Survey Response'!$D3,"") | AQ5: =IF($D5="Followup",'Survey Response'!$E3,"") | AR5: =IF($D5="Followup",'Survey Response'!$G3,"") | AS5: =IF($D5="Followup",'Survey Response'!$H3,"") | AT5: =IF($D5="Followup",'Survey Response'!$M3,"") | AU5: =IF($D5="Followup",'Survey Response'!$K3,"") | AV5: =IF($D5="Followup",'Survey Response'!$L3,"") | AW5: =IF($D5="Followup",IF(AND($P5<>"Yes",$U5<>"Yes"),"Not approved for primary or secondary skill","Approved, but skill(s) no longer have capacity (fully staffed)"),"")
A6: =IF('Survey Response'!$D4="","",'Survey Response'!$A4&"|"&LOWER(TRIM('Survey Response'!$D4))) | B6: =IF($H6="","",$F6&"|"&$H6) | C6: =IF($H6="","",$A6=$B6) | D6: =IF($H6="","",IF($E6<>"Yes","Superseded",IF($I6<>"Yes, I'm available for in-person interviews at Chennai","Not Available",IF($Z6<>"","Panel Details","Followup")))) | E6: =IF($H6="","",IF(SUMPRODUCT(($H$4:$H$503=$H6)*(($G$4:$G$503>$G6)+($G$4:$G$503=$G6)*($F$4:$F$503>$F6)))=0,"Yes","No")) | F6: =IF('Survey Response'!$D4="","",INT('Survey Response'!$A4)) | G6: =IF('Survey Response'!$D4="","",'Survey Response'!$C4) | H6: =IF('Survey Response'!$D4="","",LOWER(TRIM('Survey Response'!$D4))) | I6: =IF($H6="","",'Survey Response'!$I4) | J6: =IF($H6="","",'Survey Response'!$K4) | K6: =IF($J6="","",IF(COUNTIF('Skill Mapping'!$A$2:$A$7,TRIM($J6))=0,"",INDEX('Skill Mapping'!$B$2:$B$7,MATCH(TRIM($J6),'Skill Mapping'!$A$2:$A$7,0)))) | L6: =IF($H6="","",'Survey Response'!$L4) | M6: =IF($L6="","",IF(COUNTIF('Skill Mapping'!$A$2:$A$7,TRIM($L6))=0,"",INDEX('Skill Mapping'!$B$2:$B$7,MATCH(TRIM($L6),'Skill Mapping'!$A$2:$A$7,0)))) | N6: =IF($H6="","",'Survey Response'!$M4) | O6: =IF($H6="","",IF('Survey Response'!$M4="Manager","R2","R1")) | P6: =IF($K6="","No",IF(COUNTIFS(MasterPanel!$B:$B,$H6,MasterPanel!$I:$I,$K6,MasterPanel!$K:$K,"Y")>0,"Yes","No")) -> No | Q6: =IF($K6="",0,IF(COUNTIF('Gap Sheet'!$A$6:$A$11,TRIM($J6))=0,0,IF($O6="R1",INDEX('Gap Sheet'!$C$6:$C$11,MATCH(TRIM($J6),'Gap Sheet'!$A$6:$A$11,0)),INDEX('Gap Sheet'!$G$6:$G$11,MATCH(TRIM($J6),'Gap Sheet'!$A$6:$A$11,0))))) -> 0 | R6: =IF($K6="","",$K6&"|"&$O6) | S6: =IF($R6="",0,COUNTIF($AA$4:$AA5,$R6)) -> 0 | T6: =IF(OR($I6<>"Yes, I'm available for in-person interviews at Chennai",$E6<>"Yes",$P6<>"Yes"),"No",IF(($Q6-$S6)>0,"Yes","No")) -> No | U6: =IF($M6="","No",IF(COUNTIFS(MasterPanel!$B:$B,$H6,MasterPanel!$I:$I,$M6,MasterPanel!$K:$K,"Y")>0,"Yes","No")) -> No | V6: =IF($M6="",0,IF(COUNTIF('Gap Sheet'!$A$6:$A$11,TRIM($L6))=0,0,IF($O6="R1",INDEX('Gap Sheet'!$C$6:$C$11,MATCH(TRIM($L6),'Gap Sheet'!$A$6:$A$11,0)),INDEX('Gap Sheet'!$G$6:$G$11,MATCH(TRIM($L6),'Gap Sheet'!$A$6:$A$11,0))))) -> 0 | W6: =IF($M6="","",$M6&"|"&$O6) | X6: =IF($W6="",0,COUNTIF($AA$4:$AA5,$W6)) -> 0 | Y6: =IF(OR($I6<>"Yes, I'm available for in-person interviews at Chennai",$E6<>"Yes",$T6="Yes",$U6<>"Yes"),"No",IF(($V6-$X6)>0,"Yes","No")) -> No | Z6: =IF($T6="Yes","Primary",IF($Y6="Yes","Secondary","")) | AA6: =IF($Z6="Primary",$R6,IF($Z6="Secondary",$W6,"")) | AB6: =IF($Z6="Primary","Matched on primary skill",IF($Z6="Secondary","Matched on secondary skill (primary not approved or not required)","")) | AC6: =IF($D6="Panel Details",$F6,"") | AD6: =IF($D6="Panel Details",'Survey Response'!$D4,"") | AE6: =IF($D6="Panel Details",'Survey Response'!$E4,"") | AF6: =IF($D6="Panel Details",'Survey Response'!$G4,"") | AG6: =IF($D6="Panel Details",IF($Z6="Primary",$J6,$L6),"") | AH6: =IF($D6="Panel Details",IF($Z6="Primary",$L6,$J6),"") | AI6: =IF($D6="Panel Details",'Survey Response'!$H4,"") | AJ6: =IF($D6="Panel Details",'Survey Response'!$M4,"") | AK6: =IF($D6="Panel Details",$O6,"") | AL6: =IF($D6="Panel Details",8,"") | AM6: =IF($D6="Panel Details",$AB6,"") | AN6: =IF($D6="Panel Details","Yes","") | AP6: =IF($D6="Followup",'Survey Response'!$D4,"") | AQ6: =IF($D6="Followup",'Survey Response'!$E4,"") | AR6: =IF($D6="Followup",'Survey Response'!$G4,"") | AS6: =IF($D6="Followup",'Survey Response'!$H4,"") | AT6: =IF($D6="Followup",'Survey Response'!$M4,"") | AU6: =IF($D6="Followup",'Survey Response'!$K4,"") | AV6: =IF($D6="Followup",'Survey Response'!$L4,"") | AW6: =IF($D6="Followup",IF(AND($P6<>"Yes",$U6<>"Yes"),"Not approved for primary or secondary skill","Approved, but skill(s) no longer have capacity (fully staffed)"),"")
A7: =IF('Survey Response'!$D5="","",'Survey Response'!$A5&"|"&LOWER(TRIM('Survey Response'!$D5))) | B7: =IF($H7="","",$F7&"|"&$H7) | C7: =IF($H7="","",$A7=$B7) | D7: =IF($H7="","",IF($E7<>"Yes","Superseded",IF($I7<>"Yes, I'm available for in-person interviews at Chennai","Not Available",IF($Z7<>"","Panel Details","Followup")))) | E7: =IF($H7="","",IF(SUMPRODUCT(($H$4:$H$503=$H7)*(($G$4:$G$503>$G7)+($G$4:$G$503=$G7)*($F$4:$F$503>$F7)))=0,"Yes","No")) | F7: =IF('Survey Response'!$D5="","",INT('Survey Response'!$A5)) | G7: =IF('Survey Response'!$D5="","",'Survey Response'!$C5) | H7: =IF('Survey Response'!$D5="","",LOWER(TRIM('Survey Response'!$D5))) | I7: =IF($H7="","",'Survey Response'!$I5) | J7: =IF($H7="","",'Survey Response'!$K5) | K7: =IF($J7="","",IF(COUNTIF('Skill Mapping'!$A$2:$A$7,TRIM($J7))=0,"",INDEX('Skill Mapping'!$B$2:$B$7,MATCH(TRIM($J7),'Skill Mapping'!$A$2:$A$7,0)))) | L7: =IF($H7="","",'Survey Response'!$L5) | M7: =IF($L7="","",IF(COUNTIF('Skill Mapping'!$A$2:$A$7,TRIM($L7))=0,"",INDEX('Skill Mapping'!$B$2:$B$7,MATCH(TRIM($L7),'Skill Mapping'!$A$2:$A$7,0)))) | N7: =IF($H7="","",'Survey Response'!$M5) | O7: =IF($H7="","",IF('Survey Response'!$M5="Manager","R2","R1")) | P7: =IF($K7="","No",IF(COUNTIFS(MasterPanel!$B:$B,$H7,MasterPanel!$I:$I,$K7,MasterPanel!$K:$K,"Y")>0,"Yes","No")) -> No | Q7: =IF($K7="",0,IF(COUNTIF('Gap Sheet'!$A$6:$A$11,TRIM($J7))=0,0,IF($O7="R1",INDEX('Gap Sheet'!$C$6:$C$11,MATCH(TRIM($J7),'Gap Sheet'!$A$6:$A$11,0)),INDEX('Gap Sheet'!$G$6:$G$11,MATCH(TRIM($J7),'Gap Sheet'!$A$6:$A$11,0))))) -> 0 | R7: =IF($K7="","",$K7&"|"&$O7) | S7: =IF($R7="",0,COUNTIF($AA$4:$AA6,$R7)) -> 0 | T7: =IF(OR($I7<>"Yes, I'm available for in-person interviews at Chennai",$E7<>"Yes",$P7<>"Yes"),"No",IF(($Q7-$S7)>0,"Yes","No")) -> No | U7: =IF($M7="","No",IF(COUNTIFS(MasterPanel!$B:$B,$H7,MasterPanel!$I:$I,$M7,MasterPanel!$K:$K,"Y")>0,"Yes","No")) -> No | V7: =IF($M7="",0,IF(COUNTIF('Gap Sheet'!$A$6:$A$11,TRIM($L7))=0,0,IF($O7="R1",INDEX('Gap Sheet'!$C$6:$C$11,MATCH(TRIM($L7),'Gap Sheet'!$A$6:$A$11,0)),INDEX('Gap Sheet'!$G$6:$G$11,MATCH(TRIM($L7),'Gap Sheet'!$A$6:$A$11,0))))) -> 0 | W7: =IF($M7="","",$M7&"|"&$O7) | X7: =IF($W7="",0,COUNTIF($AA$4:$AA6,$W7)) -> 0 | Y7: =IF(OR($I7<>"Yes, I'm available for in-person interviews at Chennai",$E7<>"Yes",$T7="Yes",$U7<>"Yes"),"No",IF(($V7-$X7)>0,"Yes","No")) -> No | Z7: =IF($T7="Yes","Primary",IF($Y7="Yes","Secondary","")) | AA7: =IF($Z7="Primary",$R7,IF($Z7="Secondary",$W7,"")) | AB7: =IF($Z7="Primary","Matched on primary skill",IF($Z7="Secondary","Matched on secondary skill (primary not approved or not required)","")) | AC7: =IF($D7="Panel Details",$F7,"") | AD7: =IF($D7="Panel Details",'Survey Response'!$D5,"") | AE7: =IF($D7="Panel Details",'Survey Response'!$E5,"") | AF7: =IF($D7="Panel Details",'Survey Response'!$G5,"") | AG7: =IF($D7="Panel Details",IF($Z7="Primary",$J7,$L7),"") | AH7: =IF($D7="Panel Details",IF($Z7="Primary",$L7,$J7),"") | AI7: =IF($D7="Panel Details",'Survey Response'!$H5,"") | AJ7: =IF($D7="Panel Details",'Survey Response'!$M5,"") | AK7: =IF($D7="Panel Details",$O7,"") | AL7: =IF($D7="Panel Details",8,"") | AM7: =IF($D7="Panel Details",$AB7,"") | AN7: =IF($D7="Panel Details","Yes","") | AP7: =IF($D7="Followup",'Survey Response'!$D5,"") | AQ7: =IF($D7="Followup",'Survey Response'!$E5,"") | AR7: =IF($D7="Followup",'Survey Response'!$G5,"") | AS7: =IF($D7="Followup",'Survey Response'!$H5,"") | AT7: =IF($D7="Followup",'Survey Response'!$M5,"") | AU7: =IF($D7="Followup",'Survey Response'!$K5,"") | AV7: =IF($D7="Followup",'Survey Response'!$L5,"") | AW7: =IF($D7="Followup",IF(AND($P7<>"Yes",$U7<>"Yes"),"Not approved for primary or secondary skill","Approved, but skill(s) no longer have capacity (fully staffed)"),"")
A8: =IF('Survey Response'!$D6="","",'Survey Response'!$A6&"|"&LOWER(TRIM('Survey Response'!$D6))) | B8: =IF($H8="","",$F8&"|"&$H8) | C8: =IF($H8="","",$A8=$B8) | D8: =IF($H8="","",IF($E8<>"Yes","Superseded",IF($I8<>"Yes, I'm available for in-person interviews at Chennai","Not Available",IF($Z8<>"","Panel Details","Followup")))) | E8: =IF($H8="","",IF(SUMPRODUCT(($H$4:$H$503=$H8)*(($G$4:$G$503>$G8)+($G$4:$G$503=$G8)*($F$4:$F$503>$F8)))=0,"Yes","No")) | F8: =IF('Survey Response'!$D6="","",INT('Survey Response'!$A6)) | G8: =IF('Survey Response'!$D6="","",'Survey Response'!$C6) | H8: =IF('Survey Response'!$D6="","",LOWER(TRIM('Survey Response'!$D6))) | I8: =IF($H8="","",'Survey Response'!$I6) | J8: =IF($H8="","",'Survey Response'!$K6) | K8: =IF($J8="","",IF(COUNTIF('Skill Mapping'!$A$2:$A$7,TRIM($J8))=0,"",INDEX('Skill Mapping'!$B$2:$B$7,MATCH(TRIM($J8),'Skill Mapping'!$A$2:$A$7,0)))) | L8: =IF($H8="","",'Survey Response'!$L6) | M8: =IF($L8="","",IF(COUNTIF('Skill Mapping'!$A$2:$A$7,TRIM($L8))=0,"",INDEX('Skill Mapping'!$B$2:$B$7,MATCH(TRIM($L8),'Skill Mapping'!$A$2:$A$7,0)))) | N8: =IF($H8="","",'Survey Response'!$M6) | O8: =IF($H8="","",IF('Survey Response'!$M6="Manager","R2","R1")) | P8: =IF($K8="","No",IF(COUNTIFS(MasterPanel!$B:$B,$H8,MasterPanel!$I:$I,$K8,MasterPanel!$K:$K,"Y")>0,"Yes","No")) -> No | Q8: =IF($K8="",0,IF(COUNTIF('Gap Sheet'!$A$6:$A$11,TRIM($J8))=0,0,IF($O8="R1",INDEX('Gap Sheet'!$C$6:$C$11,MATCH(TRIM($J8),'Gap Sheet'!$A$6:$A$11,0)),INDEX('Gap Sheet'!$G$6:$G$11,MATCH(TRIM($J8),'Gap Sheet'!$A$6:$A$11,0))))) -> 0 | R8: =IF($K8="","",$K8&"|"&$O8) | S8: =IF($R8="",0,COUNTIF($AA$4:$AA7,$R8)) -> 0 | T8: =IF(OR($I8<>"Yes, I'm available for in-person interviews at Chennai",$E8<>"Yes",$P8<>"Yes"),"No",IF(($Q8-$S8)>0,"Yes","No")) -> No | U8: =IF($M8="","No",IF(COUNTIFS(MasterPanel!$B:$B,$H8,MasterPanel!$I:$I,$M8,MasterPanel!$K:$K,"Y")>0,"Yes","No")) -> No | V8: =IF($M8="",0,IF(COUNTIF('Gap Sheet'!$A$6:$A$11,TRIM($L8))=0,0,IF($O8="R1",INDEX('Gap Sheet'!$C$6:$C$11,MATCH(TRIM($L8),'Gap Sheet'!$A$6:$A$11,0)),INDEX('Gap Sheet'!$G$6:$G$11,MATCH(TRIM($L8),'Gap Sheet'!$A$6:$A$11,0))))) -> 0 | W8: =IF($M8="","",$M8&"|"&$O8) | X8: =IF($W8="",0,COUNTIF($AA$4:$AA7,$W8)) -> 0 | Y8: =IF(OR($I8<>"Yes, I'm available for in-person interviews at Chennai",$E8<>"Yes",$T8="Yes",$U8<>"Yes"),"No",IF(($V8-$X8)>0,"Yes","No")) -> No | Z8: =IF($T8="Yes","Primary",IF($Y8="Yes","Secondary","")) | AA8: =IF($Z8="Primary",$R8,IF($Z8="Secondary",$W8,"")) | AB8: =IF($Z8="Primary","Matched on primary skill",IF($Z8="Secondary","Matched on secondary skill (primary not approved or not required)","")) | AC8: =IF($D8="Panel Details",$F8,"") | AD8: =IF($D8="Panel Details",'Survey Response'!$D6,"") | AE8: =IF($D8="Panel Details",'Survey Response'!$E6,"") | AF8: =IF($D8="Panel Details",'Survey Response'!$G6,"") | AG8: =IF($D8="Panel Details",IF($Z8="Primary",$J8,$L8),"") | AH8: =IF($D8="Panel Details",IF($Z8="Primary",$L8,$J8),"") | AI8: =IF($D8="Panel Details",'Survey Response'!$H6,"") | AJ8: =IF($D8="Panel Details",'Survey Response'!$M6,"") | AK8: =IF($D8="Panel Details",$O8,"") | AL8: =IF($D8="Panel Details",8,"") | AM8: =IF($D8="Panel Details",$AB8,"") | AN8: =IF($D8="Panel Details","Yes","") | AP8: =IF($D8="Followup",'Survey Response'!$D6,"") | AQ8: =IF($D8="Followup",'Survey Response'!$E6,"") | AR8: =IF($D8="Followup",'Survey Response'!$G6,"") | AS8: =IF($D8="Followup",'Survey Response'!$H6,"") | AT8: =IF($D8="Followup",'Survey Response'!$M6,"") | AU8: =IF($D8="Followup",'Survey Response'!$K6,"") | AV8: =IF($D8="Followup",'Survey Response'!$L6,"") | AW8: =IF($D8="Followup",IF(AND($P8<>"Yes",$U8<>"Yes"),"Not approved for primary or secondary skill","Approved, but skill(s) no longer have capacity (fully staffed)"),"")
A9: =IF('Survey Response'!$D7="","",'Survey Response'!$A7&"|"&LOWER(TRIM('Survey Response'!$D7))) | B9: =IF($H9="","",$F9&"|"&$H9) | C9: =IF($H9="","",$A9=$B9) | D9: =IF($H9="","",IF($E9<>"Yes","Superseded",IF($I9<>"Yes, I'm available for in-person interviews at Chennai","Not Available",IF($Z9<>"","Panel Details","Followup")))) | E9: =IF($H9="","",IF(SUMPRODUCT(($H$4:$H$503=$H9)*(($G$4:$G$503>$G9)+($G$4:$G$503=$G9)*($F$4:$F$503>$F9)))=0,"Yes","No")) | F9: =IF('Survey Response'!$D7="","",INT('Survey Response'!$A7)) | G9: =IF('Survey Response'!$D7="","",'Survey Response'!$C7) | H9: =IF('Survey Response'!$D7="","",LOWER(TRIM('Survey Response'!$D7))) | I9: =IF($H9="","",'Survey Response'!$I7) | J9: =IF($H9="","",'Survey Response'!$K7) | K9: =IF($J9="","",IF(COUNTIF('Skill Mapping'!$A$2:$A$7,TRIM($J9))=0,"",INDEX('Skill Mapping'!$B$2:$B$7,MATCH(TRIM($J9),'Skill Mapping'!$A$2:$A$7,0)))) | L9: =IF($H9="","",'Survey Response'!$L7) | M9: =IF($L9="","",IF(COUNTIF('Skill Mapping'!$A$2:$A$7,TRIM($L9))=0,"",INDEX('Skill Mapping'!$B$2:$B$7,MATCH(TRIM($L9),'Skill Mapping'!$A$2:$A$7,0)))) | N9: =IF($H9="","",'Survey Response'!$M7) | O9: =IF($H9="","",IF('Survey Response'!$M7="Manager","R2","R1")) | P9: =IF($K9="","No",IF(COUNTIFS(MasterPanel!$B:$B,$H9,MasterPanel!$I:$I,$K9,MasterPanel!$K:$K,"Y")>0,"Yes","No")) -> No | Q9: =IF($K9="",0,IF(COUNTIF('Gap Sheet'!$A$6:$A$11,TRIM($J9))=0,0,IF($O9="R1",INDEX('Gap Sheet'!$C$6:$C$11,MATCH(TRIM($J9),'Gap Sheet'!$A$6:$A$11,0)),INDEX('Gap Sheet'!$G$6:$G$11,MATCH(TRIM($J9),'Gap Sheet'!$A$6:$A$11,0))))) -> 0 | R9: =IF($K9="","",$K9&"|"&$O9) | S9: =IF($R9="",0,COUNTIF($AA$4:$AA8,$R9)) -> 0 | T9: =IF(OR($I9<>"Yes, I'm available for in-person interviews at Chennai",$E9<>"Yes",$P9<>"Yes"),"No",IF(($Q9-$S9)>0,"Yes","No")) -> No | U9: =IF($M9="","No",IF(COUNTIFS(MasterPanel!$B:$B,$H9,MasterPanel!$I:$I,$M9,MasterPanel!$K:$K,"Y")>0,"Yes","No")) -> No | V9: =IF($M9="",0,IF(COUNTIF('Gap Sheet'!$A$6:$A$11,TRIM($L9))=0,0,IF($O9="R1",INDEX('Gap Sheet'!$C$6:$C$11,MATCH(TRIM($L9),'Gap Sheet'!$A$6:$A$11,0)),INDEX('Gap Sheet'!$G$6:$G$11,MATCH(TRIM($L9),'Gap Sheet'!$A$6:$A$11,0))))) -> 0 | W9: =IF($M9="","",$M9&"|"&$O9) | X9: =IF($W9="",0,COUNTIF($AA$4:$AA8,$W9)) -> 0 | Y9: =IF(OR($I9<>"Yes, I'm available for in-person interviews at Chennai",$E9<>"Yes",$T9="Yes",$U9<>"Yes"),"No",IF(($V9-$X9)>0,"Yes","No")) -> No | Z9: =IF($T9="Yes","Primary",IF($Y9="Yes","Secondary","")) | AA9: =IF($Z9="Primary",$R9,IF($Z9="Secondary",$W9,"")) | AB9: =IF($Z9="Primary","Matched on primary skill",IF($Z9="Secondary","Matched on secondary skill (primary not approved or not required)","")) | AC9: =IF($D9="Panel Details",$F9,"") | AD9: =IF($D9="Panel Details",'Survey Response'!$D7,"") | AE9: =IF($D9="Panel Details",'Survey Response'!$E7,"") | AF9: =IF($D9="Panel Details",'Survey Response'!$G7,"") | AG9: =IF($D9="Panel Details",IF($Z9="Primary",$J9,$L9),"") | AH9: =IF($D9="Panel Details",IF($Z9="Primary",$L9,$J9),"") | AI9: =IF($D9="Panel Details",'Survey Response'!$H7,"") | AJ9: =IF($D9="Panel Details",'Survey Response'!$M7,"") | AK9: =IF($D9="Panel Details",$O9,"") | AL9: =IF($D9="Panel Details",8,"") | AM9: =IF($D9="Panel Details",$AB9,"") | AN9: =IF($D9="Panel Details","Yes","") | AP9: =IF($D9="Followup",'Survey Response'!$D7,"") | AQ9: =IF($D9="Followup",'Survey Response'!$E7,"") | AR9: =IF($D9="Followup",'Survey Response'!$G7,"") | AS9: =IF($D9="Followup",'Survey Response'!$H7,"") | AT9: =IF($D9="Followup",'Survey Response'!$M7,"") | AU9: =IF($D9="Followup",'Survey Response'!$K7,"") | AV9: =IF($D9="Followup",'Survey Response'!$L7,"") | AW9: =IF($D9="Followup",IF(AND($P9<>"Yes",$U9<>"Yes"),"Not approved for primary or secondary skill","Approved, but skill(s) no longer have capacity (fully staffed)"),"")
A10: =IF('Survey Response'!$D8="","",'Survey Response'!$A8&"|"&LOWER(TRIM('Survey Response'!$D8))) | B10: =IF($H10="","",$F10&"|"&$H10) | C10: =IF($H10="","",$A10=$B10) | D10: =IF($H10="","",IF($E10<>"Yes","Superseded",IF($I10<>"Yes, I'm available for in-person interviews at Chennai","Not Available",IF($Z10<>"","Panel Details","Followup")))) | E10: =IF($H10="","",IF(SUMPRODUCT(($H$4:$H$503=$H10)*(($G$4:$G$503>$G10)+($G$4:$G$503=$G10)*($F$4:$F$503>$F10)))=0,"Yes","No")) | F10: =IF('Survey Response'!$D8="","",INT('Survey Response'!$A8)) | G10: =IF('Survey Response'!$D8="","",'Survey Response'!$C8) | H10: =IF('Survey Response'!$D8="","",LOWER(TRIM('Survey Response'!$D8))) | I10: =IF($H10="","",'Survey Response'!$I8) | J10: =IF($H10="","",'Survey Response'!$K8) | K10: =IF($J10="","",IF(COUNTIF('Skill Mapping'!$A$2:$A$7,TRIM($J10))=0,"",INDEX('Skill Mapping'!$B$2:$B$7,MATCH(TRIM($J10),'Skill Mapping'!$A$2:$A$7,0)))) | L10: =IF($H10="","",'Survey Response'!$L8) | M10: =IF($L10="","",IF(COUNTIF('Skill Mapping'!$A$2:$A$7,TRIM($L10))=0,"",INDEX('Skill Mapping'!$B$2:$B$7,MATCH(TRIM($L10),'Skill Mapping'!$A$2:$A$7,0)))) | N10: =IF($H10="","",'Survey Response'!$M8) | O10: =IF($H10="","",IF('Survey Response'!$M8="Manager","R2","R1")) | P10: =IF($K10="","No",IF(COUNTIFS(MasterPanel!$B:$B,$H10,MasterPanel!$I:$I,$K10,MasterPanel!$K:$K,"Y")>0,"Yes","No")) -> No | Q10: =IF($K10="",0,IF(COUNTIF('Gap Sheet'!$A$6:$A$11,TRIM($J10))=0,0,IF($O10="R1",INDEX('Gap Sheet'!$C$6:$C$11,MATCH(TRIM($J10),'Gap Sheet'!$A$6:$A$11,0)),INDEX('Gap Sheet'!$G$6:$G$11,MATCH(TRIM($J10),'Gap Sheet'!$A$6:$A$11,0))))) -> 0 | R10: =IF($K10="","",$K10&"|"&$O10) | S10: =IF($R10="",0,COUNTIF($AA$4:$AA9,$R10)) -> 0 | T10: =IF(OR($I10<>"Yes, I'm available for in-person interviews at Chennai",$E10<>"Yes",$P10<>"Yes"),"No",IF(($Q10-$S10)>0,"Yes","No")) -> No | U10: =IF($M10="","No",IF(COUNTIFS(MasterPanel!$B:$B,$H10,MasterPanel!$I:$I,$M10,MasterPanel!$K:$K,"Y")>0,"Yes","No")) -> No | V10: =IF($M10="",0,IF(COUNTIF('Gap Sheet'!$A$6:$A$11,TRIM($L10))=0,0,IF($O10="R1",INDEX('Gap Sheet'!$C$6:$C$11,MATCH(TRIM($L10),'Gap Sheet'!$A$6:$A$11,0)),INDEX('Gap Sheet'!$G$6:$G$11,MATCH(TRIM($L10),'Gap Sheet'!$A$6:$A$11,0))))) -> 0 | W10: =IF($M10="","",$M10&"|"&$O10) | X10: =IF($W10="",0,COUNTIF($AA$4:$AA9,$W10)) -> 0 | Y10: =IF(OR($I10<>"Yes, I'm available for in-person interviews at Chennai",$E10<>"Yes",$T10="Yes",$U10<>"Yes"),"No",IF(($V10-$X10)>0,"Yes","No")) -> No | Z10: =IF($T10="Yes","Primary",IF($Y10="Yes","Secondary","")) | AA10: =IF($Z10="Primary",$R10,IF($Z10="Secondary",$W10,"")) | AB10: =IF($Z10="Primary","Matched on primary skill",IF($Z10="Secondary","Matched on secondary skill (primary not approved or not required)","")) | AC10: =IF($D10="Panel Details",$F10,"") | AD10: =IF($D10="Panel Details",'Survey Response'!$D8,"") | AE10: =IF($D10="Panel Details",'Survey Response'!$E8,"") | AF10: =IF($D10="Panel Details",'Survey Response'!$G8,"") | AG10: =IF($D10="Panel Details",IF($Z10="Primary",$J10,$L10),"") | AH10: =IF($D10="Panel Details",IF($Z10="Primary",$L10,$J10),"") | AI10: =IF($D10="Panel Details",'Survey Response'!$H8,"") | AJ10: =IF($D10="Panel Details",'Survey Response'!$M8,"") | AK10: =IF($D10="Panel Details",$O10,"") | AL10: =IF($D10="Panel Details",8,"") | AM10: =IF($D10="Panel Details",$AB10,"") | AN10: =IF($D10="Panel Details","Yes","") | AP10: =IF($D10="Followup",'Survey Response'!$D8,"") | AQ10: =IF($D10="Followup",'Survey Response'!$E8,"") | AR10: =IF($D10="Followup",'Survey Response'!$G8,"") | AS10: =IF($D10="Followup",'Survey Response'!$H8,"") | AT10: =IF($D10="Followup",'Survey Response'!$M8,"") | AU10: =IF($D10="Followup",'Survey Response'!$K8,"") | AV10: =IF($D10="Followup",'Survey Response'!$L8,"") | AW10: =IF($D10="Followup",IF(AND($P10<>"Yes",$U10<>"Yes"),"Not approved for primary or secondary skill","Approved, but skill(s) no longer have capacity (fully staffed)"),"")
A11: =IF('Survey Response'!$D9="","",'Survey Response'!$A9&"|"&LOWER(TRIM('Survey Response'!$D9))) | B11: =IF($H11="","",$F11&"|"&$H11) | C11: =IF($H11="","",$A11=$B11) | D11: =IF($H11="","",IF($E11<>"Yes","Superseded",IF($I11<>"Yes, I'm available for in-person interviews at Chennai","Not Available",IF($Z11<>"","Panel Details","Followup")))) | E11: =IF($H11="","",IF(SUMPRODUCT(($H$4:$H$503=$H11)*(($G$4:$G$503>$G11)+($G$4:$G$503=$G11)*($F$4:$F$503>$F11)))=0,"Yes","No")) | F11: =IF('Survey Response'!$D9="","",INT('Survey Response'!$A9)) | G11: =IF('Survey Response'!$D9="","",'Survey Response'!$C9) | H11: =IF('Survey Response'!$D9="","",LOWER(TRIM('Survey Response'!$D9))) | I11: =IF($H11="","",'Survey Response'!$I9) | J11: =IF($H11="","",'Survey Response'!$K9) | K11: =IF($J11="","",IF(COUNTIF('Skill Mapping'!$A$2:$A$7,TRIM($J11))=0,"",INDEX('Skill Mapping'!$B$2:$B$7,MATCH(TRIM($J11),'Skill Mapping'!$A$2:$A$7,0)))) | L11: =IF($H11="","",'Survey Response'!$L9) | M11: =IF($L11="","",IF(COUNTIF('Skill Mapping'!$A$2:$A$7,TRIM($L11))=0,"",INDEX('Skill Mapping'!$B$2:$B$7,MATCH(TRIM($L11),'Skill Mapping'!$A$2:$A$7,0)))) | N11: =IF($H11="","",'Survey Response'!$M9) | O11: =IF($H11="","",IF('Survey Response'!$M9="Manager","R2","R1")) | P11: =IF($K11="","No",IF(COUNTIFS(MasterPanel!$B:$B,$H11,MasterPanel!$I:$I,$K11,MasterPanel!$K:$K,"Y")>0,"Yes","No")) -> No | Q11: =IF($K11="",0,IF(COUNTIF('Gap Sheet'!$A$6:$A$11,TRIM($J11))=0,0,IF($O11="R1",INDEX('Gap Sheet'!$C$6:$C$11,MATCH(TRIM($J11),'Gap Sheet'!$A$6:$A$11,0)),INDEX('Gap Sheet'!$G$6:$G$11,MATCH(TRIM($J11),'Gap Sheet'!$A$6:$A$11,0))))) -> 0 | R11: =IF($K11="","",$K11&"|"&$O11) | S11: =IF($R11="",0,COUNTIF($AA$4:$AA10,$R11)) -> 0 | T11: =IF(OR($I11<>"Yes, I'm available for in-person interviews at Chennai",$E11<>"Yes",$P11<>"Yes"),"No",IF(($Q11-$S11)>0,"Yes","No")) -> No | U11: =IF($M11="","No",IF(COUNTIFS(MasterPanel!$B:$B,$H11,MasterPanel!$I:$I,$M11,MasterPanel!$K:$K,"Y")>0,"Yes","No")) -> No | V11: =IF($M11="",0,IF(COUNTIF('Gap Sheet'!$A$6:$A$11,TRIM($L11))=0,0,IF($O11="R1",INDEX('Gap Sheet'!$C$6:$C$11,MATCH(TRIM($L11),'Gap Sheet'!$A$6:$A$11,0)),INDEX('Gap Sheet'!$G$6:$G$11,MATCH(TRIM($L11),'Gap Sheet'!$A$6:$A$11,0))))) -> 0 | W11: =IF($M11="","",$M11&"|"&$O11) | X11: =IF($W11="",0,COUNTIF($AA$4:$AA10,$W11)) -> 0 | Y11: =IF(OR($I11<>"Yes, I'm available for in-person interviews at Chennai",$E11<>"Yes",$T11="Yes",$U11<>"Yes"),"No",IF(($V11-$X11)>0,"Yes","No")) -> No | Z11: =IF($T11="Yes","Primary",IF($Y11="Yes","Secondary","")) | AA11: =IF($Z11="Primary",$R11,IF($Z11="Secondary",$W11,"")) | AB11: =IF($Z11="Primary","Matched on primary skill",IF($Z11="Secondary","Matched on secondary skill (primary not approved or not required)","")) | AC11: =IF($D11="Panel Details",$F11,"") | AD11: =IF($D11="Panel Details",'Survey Response'!$D9,"") | AE11: =IF($D11="Panel Details",'Survey Response'!$E9,"") | AF11: =IF($D11="Panel Details",'Survey Response'!$G9,"") | AG11: =IF($D11="Panel Details",IF($Z11="Primary",$J11,$L11),"") | AH11: =IF($D11="Panel Details",IF($Z11="Primary",$L11,$J11),"") | AI11: =IF($D11="Panel Details",'Survey Response'!$H9,"") | AJ11: =IF($D11="Panel Details",'Survey Response'!$M9,"") | AK11: =IF($D11="Panel Details",$O11,"") | AL11: =IF($D11="Panel Details",8,"") | AM11: =IF($D11="Panel Details",$AB11,"") | AN11: =IF($D11="Panel Details","Yes","") | AP11: =IF($D11="Followup",'Survey Response'!$D9,"") | AQ11: =IF($D11="Followup",'Survey Response'!$E9,"") | AR11: =IF($D11="Followup",'Survey Response'!$G9,"") | AS11: =IF($D11="Followup",'Survey Response'!$H9,"") | AT11: =IF($D11="Followup",'Survey Response'!$M9,"") | AU11: =IF($D11="Followup",'Survey Response'!$K9,"") | AV11: =IF($D11="Followup",'Survey Response'!$L9,"") | AW11: =IF($D11="Followup",IF(AND($P11<>"Yes",$U11<>"Yes"),"Not approved for primary or secondary skill","Approved, but skill(s) no longer have capacity (fully staffed)"),"")
A12: =IF('Survey Response'!$D10="","",'Survey Response'!$A10&"|"&LOWER(TRIM('Survey Response'!$D10))) | B12: =IF($H12="","",$F12&"|"&$H12) | C12: =IF($H12="","",$A12=$B12) | D12: =IF($H12="","",IF($E12<>"Yes","Superseded",IF($I12<>"Yes, I'm available for in-person interviews at Chennai","Not Available",IF($Z12<>"","Panel Details","Followup")))) | E12: =IF($H12="","",IF(SUMPRODUCT(($H$4:$H$503=$H12)*(($G$4:$G$503>$G12)+($G$4:$G$503=$G12)*($F$4:$F$503>$F12)))=0,"Yes","No")) | F12: =IF('Survey Response'!$D10="","",INT('Survey Response'!$A10)) | G12: =IF('Survey Response'!$D10="","",'Survey Response'!$C10) | H12: =IF('Survey Response'!$D10="","",LOWER(TRIM('Survey Response'!$D10))) | I12: =IF($H12="","",'Survey Response'!$I10) | J12: =IF($H12="","",'Survey Response'!$K10) | K12: =IF($J12="","",IF(COUNTIF('Skill Mapping'!$A$2:$A$7,TRIM($J12))=0,"",INDEX('Skill Mapping'!$B$2:$B$7,MATCH(TRIM($J12),'Skill Mapping'!$A$2:$A$7,0)))) | L12: =IF($H12="","",'Survey Response'!$L10) | M12: =IF($L12="","",IF(COUNTIF('Skill Mapping'!$A$2:$A$7,TRIM($L12))=0,"",INDEX('Skill Mapping'!$B$2:$B$7,MATCH(TRIM($L12),'Skill Mapping'!$A$2:$A$7,0)))) | N12: =IF($H12="","",'Survey Response'!$M10) | O12: =IF($H12="","",IF('Survey Response'!$M10="Manager","R2","R1")) | P12: =IF($K12="","No",IF(COUNTIFS(MasterPanel!$B:$B,$H12,MasterPanel!$I:$I,$K12,MasterPanel!$K:$K,"Y")>0,"Yes","No")) -> No | Q12: =IF($K12="",0,IF(COUNTIF('Gap Sheet'!$A$6:$A$11,TRIM($J12))=0,0,IF($O12="R1",INDEX('Gap Sheet'!$C$6:$C$11,MATCH(TRIM($J12),'Gap Sheet'!$A$6:$A$11,0)),INDEX('Gap Sheet'!$G$6:$G$11,MATCH(TRIM($J12),'Gap Sheet'!$A$6:$A$11,0))))) -> 0 | R12: =IF($K12="","",$K12&"|"&$O12) | S12: =IF($R12="",0,COUNTIF($AA$4:$AA11,$R12)) -> 0 | T12: =IF(OR($I12<>"Yes, I'm available for in-person interviews at Chennai",$E12<>"Yes",$P12<>"Yes"),"No",IF(($Q12-$S12)>0,"Yes","No")) -> No | U12: =IF($M12="","No",IF(COUNTIFS(MasterPanel!$B:$B,$H12,MasterPanel!$I:$I,$M12,MasterPanel!$K:$K,"Y")>0,"Yes","No")) -> No | V12: =IF($M12="",0,IF(COUNTIF('Gap Sheet'!$A$6:$A$11,TRIM($L12))=0,0,IF($O12="R1",INDEX('Gap Sheet'!$C$6:$C$11,MATCH(TRIM($L12),'Gap Sheet'!$A$6:$A$11,0)),INDEX('Gap Sheet'!$G$6:$G$11,MATCH(TRIM($L12),'Gap Sheet'!$A$6:$A$11,0))))) -> 0 | W12: =IF($M12="","",$M12&"|"&$O12) | X12: =IF($W12="",0,COUNTIF($AA$4:$AA11,$W12)) -> 0 | Y12: =IF(OR($I12<>"Yes, I'm available for in-person interviews at Chennai",$E12<>"Yes",$T12="Yes",$U12<>"Yes"),"No",IF(($V12-$X12)>0,"Yes","No")) -> No | Z12: =IF($T12="Yes","Primary",IF($Y12="Yes","Secondary","")) | AA12: =IF($Z12="Primary",$R12,IF($Z12="Secondary",$W12,"")) | AB12: =IF($Z12="Primary","Matched on primary skill",IF($Z12="Secondary","Matched on secondary skill (primary not approved or not required)","")) | AC12: =IF($D12="Panel Details",$F12,"") | AD12: =IF($D12="Panel Details",'Survey Response'!$D10,"") | AE12: =IF($D12="Panel Details",'Survey Response'!$E10,"") | AF12: =IF($D12="Panel Details",'Survey Response'!$G10,"") | AG12: =IF($D12="Panel Details",IF($Z12="Primary",$J12,$L12),"") | AH12: =IF($D12="Panel Details",IF($Z12="Primary",$L12,$J12),"") | AI12: =IF($D12="Panel Details",'Survey Response'!$H10,"") | AJ12: =IF($D12="Panel Details",'Survey Response'!$M10,"") | AK12: =IF($D12="Panel Details",$O12,"") | AL12: =IF($D12="Panel Details",8,"") | AM12: =IF($D12="Panel Details",$AB12,"") | AN12: =IF($D12="Panel Details","Yes","") | AP12: =IF($D12="Followup",'Survey Response'!$D10,"") | AQ12: =IF($D12="Followup",'Survey Response'!$E10,"") | AR12: =IF($D12="Followup",'Survey Response'!$G10,"") | AS12: =IF($D12="Followup",'Survey Response'!$H10,"") | AT12: =IF($D12="Followup",'Survey Response'!$M10,"") | AU12: =IF($D12="Followup",'Survey Response'!$K10,"") | AV12: =IF($D12="Followup",'Survey Response'!$L10,"") | AW12: =IF($D12="Followup",IF(AND($P12<>"Yes",$U12<>"Yes"),"Not approved for primary or secondary skill","Approved, but skill(s) no longer have capacity (fully staffed)"),"")
A13: =IF('Survey Response'!$D11="","",'Survey Response'!$A11&"|"&LOWER(TRIM('Survey Response'!$D11))) | B13: =IF($H13="","",$F13&"|"&$H13) | C13: =IF($H13="","",$A13=$B13) | D13: =IF($H13="","",IF($E13<>"Yes","Superseded",IF($I13<>"Yes, I'm available for in-person interviews at Chennai","Not Available",IF($Z13<>"","Panel Details","Followup")))) | E13: =IF($H13="","",IF(SUMPRODUCT(($H$4:$H$503=$H13)*(($G$4:$G$503>$G13)+($G$4:$G$503=$G13)*($F$4:$F$503>$F13)))=0,"Yes","No")) | F13: =IF('Survey Response'!$D11="","",INT('Survey Response'!$A11)) | G13: =IF('Survey Response'!$D11="","",'Survey Response'!$C11) | H13: =IF('Survey Response'!$D11="","",LOWER(TRIM('Survey Response'!$D11))) | I13: =IF($H13="","",'Survey Response'!$I11) | J13: =IF($H13="","",'Survey Response'!$K11) | K13: =IF($J13="","",IF(COUNTIF('Skill Mapping'!$A$2:$A$7,TRIM($J13))=0,"",INDEX('Skill Mapping'!$B$2:$B$7,MATCH(TRIM($J13),'Skill Mapping'!$A$2:$A$7,0)))) | L13: =IF($H13="","",'Survey Response'!$L11) | M13: =IF($L13="","",IF(COUNTIF('Skill Mapping'!$A$2:$A$7,TRIM($L13))=0,"",INDEX('Skill Mapping'!$B$2:$B$7,MATCH(TRIM($L13),'Skill Mapping'!$A$2:$A$7,0)))) | N13: =IF($H13="","",'Survey Response'!$M11) | O13: =IF($H13="","",IF('Survey Response'!$M11="Manager","R2","R1")) | P13: =IF($K13="","No",IF(COUNTIFS(MasterPanel!$B:$B,$H13,MasterPanel!$I:$I,$K13,MasterPanel!$K:$K,"Y")>0,"Yes","No")) -> No | Q13: =IF($K13="",0,IF(COUNTIF('Gap Sheet'!$A$6:$A$11,TRIM($J13))=0,0,IF($O13="R1",INDEX('Gap Sheet'!$C$6:$C$11,MATCH(TRIM($J13),'Gap Sheet'!$A$6:$A$11,0)),INDEX('Gap Sheet'!$G$6:$G$11,MATCH(TRIM($J13),'Gap Sheet'!$A$6:$A$11,0))))) -> 0 | R13: =IF($K13="","",$K13&"|"&$O13) | S13: =IF($R13="",0,COUNTIF($AA$4:$AA12,$R13)) -> 0 | T13: =IF(OR($I13<>"Yes, I'm available for in-person interviews at Chennai",$E13<>"Yes",$P13<>"Yes"),"No",IF(($Q13-$S13)>0,"Yes","No")) -> No | U13: =IF($M13="","No",IF(COUNTIFS(MasterPanel!$B:$B,$H13,MasterPanel!$I:$I,$M13,MasterPanel!$K:$K,"Y")>0,"Yes","No")) -> No | V13: =IF($M13="",0,IF(COUNTIF('Gap Sheet'!$A$6:$A$11,TRIM($L13))=0,0,IF($O13="R1",INDEX('Gap Sheet'!$C$6:$C$11,MATCH(TRIM($L13),'Gap Sheet'!$A$6:$A$11,0)),INDEX('Gap Sheet'!$G$6:$G$11,MATCH(TRIM($L13),'Gap Sheet'!$A$6:$A$11,0))))) -> 0 | W13: =IF($M13="","",$M13&"|"&$O13) | X13: =IF($W13="",0,COUNTIF($AA$4:$AA12,$W13)) -> 0 | Y13: =IF(OR($I13<>"Yes, I'm available for in-person interviews at Chennai",$E13<>"Yes",$T13="Yes",$U13<>"Yes"),"No",IF(($V13-$X13)>0,"Yes","No")) -> No | Z13: =IF($T13="Yes","Primary",IF($Y13="Yes","Secondary","")) | AA13: =IF($Z13="Primary",$R13,IF($Z13="Secondary",$W13,"")) | AB13: =IF($Z13="Primary","Matched on primary skill",IF($Z13="Secondary","Matched on secondary skill (primary not approved or not required)","")) | AC13: =IF($D13="Panel Details",$F13,"") | AD13: =IF($D13="Panel Details",'Survey Response'!$D11,"") | AE13: =IF($D13="Panel Details",'Survey Response'!$E11,"") | AF13: =IF($D13="Panel Details",'Survey Response'!$G11,"") | AG13: =IF($D13="Panel Details",IF($Z13="Primary",$J13,$L13),"") | AH13: =IF($D13="Panel Details",IF($Z13="Primary",$L13,$J13),"") | AI13: =IF($D13="Panel Details",'Survey Response'!$H11,"") | AJ13: =IF($D13="Panel Details",'Survey Response'!$M11,"") | AK13: =IF($D13="Panel Details",$O13,"") | AL13: =IF($D13="Panel Details",8,"") | AM13: =IF($D13="Panel Details",$AB13,"") | AN13: =IF($D13="Panel Details","Yes","") | AP13: =IF($D13="Followup",'Survey Response'!$D11,"") | AQ13: =IF($D13="Followup",'Survey Response'!$E11,"") | AR13: =IF($D13="Followup",'Survey Response'!$G11,"") | AS13: =IF($D13="Followup",'Survey Response'!$H11,"") | AT13: =IF($D13="Followup",'Survey Response'!$M11,"") | AU13: =IF($D13="Followup",'Survey Response'!$K11,"") | AV13: =IF($D13="Followup",'Survey Response'!$L11,"") | AW13: =IF($D13="Followup",IF(AND($P13<>"Yes",$U13<>"Yes"),"Not approved for primary or secondary skill","Approved, but skill(s) no longer have capacity (fully staffed)"),"")
A14: =IF('Survey Response'!$D12="","",'Survey Response'!$A12&"|"&LOWER(TRIM('Survey Response'!$D12))) | B14: =IF($H14="","",$F14&"|"&$H14) | C14: =IF($H14="","",$A14=$B14) | D14: =IF($H14="","",IF($E14<>"Yes","Superseded",IF($I14<>"Yes, I'm available for in-person interviews at Chennai","Not Available",IF($Z14<>"","Panel Details","Followup")))) | E14: =IF($H14="","",IF(SUMPRODUCT(($H$4:$H$503=$H14)*(($G$4:$G$503>$G14)+($G$4:$G$503=$G14)*($F$4:$F$503>$F14)))=0,"Yes","No")) | F14: =IF('Survey Response'!$D12="","",INT('Survey Response'!$A12)) | G14: =IF('Survey Response'!$D12="","",'Survey Response'!$C12) | H14: =IF('Survey Response'!$D12="","",LOWER(TRIM('Survey Response'!$D12))) | I14: =IF($H14="","",'Survey Response'!$I12) | J14: =IF($H14="","",'Survey Response'!$K12) | K14: =IF($J14="","",IF(COUNTIF('Skill Mapping'!$A$2:$A$7,TRIM($J14))=0,"",INDEX('Skill Mapping'!$B$2:$B$7,MATCH(TRIM($J14),'Skill Mapping'!$A$2:$A$7,0)))) | L14: =IF($H14="","",'Survey Response'!$L12) | M14: =IF($L14="","",IF(COUNTIF('Skill Mapping'!$A$2:$A$7,TRIM($L14))=0,"",INDEX('Skill Mapping'!$B$2:$B$7,MATCH(TRIM($L14),'Skill Mapping'!$A$2:$A$7,0)))) | N14: =IF($H14="","",'Survey Response'!$M12) | O14: =IF($H14="","",IF('Survey Response'!$M12="Manager","R2","R1")) | P14: =IF($K14="","No",IF(COUNTIFS(MasterPanel!$B:$B,$H14,MasterPanel!$I:$I,$K14,MasterPanel!$K:$K,"Y")>0,"Yes","No")) -> No | Q14: =IF($K14="",0,IF(COUNTIF('Gap Sheet'!$A$6:$A$11,TRIM($J14))=0,0,IF($O14="R1",INDEX('Gap Sheet'!$C$6:$C$11,MATCH(TRIM($J14),'Gap Sheet'!$A$6:$A$11,0)),INDEX('Gap Sheet'!$G$6:$G$11,MATCH(TRIM($J14),'Gap Sheet'!$A$6:$A$11,0))))) -> 0 | R14: =IF($K14="","",$K14&"|"&$O14) | S14: =IF($R14="",0,COUNTIF($AA$4:$AA13,$R14)) -> 0 | T14: =IF(OR($I14<>"Yes, I'm available for in-person interviews at Chennai",$E14<>"Yes",$P14<>"Yes"),"No",IF(($Q14-$S14)>0,"Yes","No")) -> No | U14: =IF($M14="","No",IF(COUNTIFS(MasterPanel!$B:$B,$H14,MasterPanel!$I:$I,$M14,MasterPanel!$K:$K,"Y")>0,"Yes","No")) -> No | V14: =IF($M14="",0,IF(COUNTIF('Gap Sheet'!$A$6:$A$11,TRIM($L14))=0,0,IF($O14="R1",INDEX('Gap Sheet'!$C$6:$C$11,MATCH(TRIM($L14),'Gap Sheet'!$A$6:$A$11,0)),INDEX('Gap Sheet'!$G$6:$G$11,MATCH(TRIM($L14),'Gap Sheet'!$A$6:$A$11,0))))) -> 0 | W14: =IF($M14="","",$M14&"|"&$O14) | X14: =IF($W14="",0,COUNTIF($AA$4:$AA13,$W14)) -> 0 | Y14: =IF(OR($I14<>"Yes, I'm available for in-person interviews at Chennai",$E14<>"Yes",$T14="Yes",$U14<>"Yes"),"No",IF(($V14-$X14)>0,"Yes","No")) -> No | Z14: =IF($T14="Yes","Primary",IF($Y14="Yes","Secondary","")) | AA14: =IF($Z14="Primary",$R14,IF($Z14="Secondary",$W14,"")) | AB14: =IF($Z14="Primary","Matched on primary skill",IF($Z14="Secondary","Matched on secondary skill (primary not approved or not required)","")) | AC14: =IF($D14="Panel Details",$F14,"") | AD14: =IF($D14="Panel Details",'Survey Response'!$D12,"") | AE14: =IF($D14="Panel Details",'Survey Response'!$E12,"") | AF14: =IF($D14="Panel Details",'Survey Response'!$G12,"") | AG14: =IF($D14="Panel Details",IF($Z14="Primary",$J14,$L14),"") | AH14: =IF($D14="Panel Details",IF($Z14="Primary",$L14,$J14),"") | AI14: =IF($D14="Panel Details",'Survey Response'!$H12,"") | AJ14: =IF($D14="Panel Details",'Survey Response'!$M12,"") | AK14: =IF($D14="Panel Details",$O14,"") | AL14: =IF($D14="Panel Details",8,"") | AM14: =IF($D14="Panel Details",$AB14,"") | AN14: =IF($D14="Panel Details","Yes","") | AP14: =IF($D14="Followup",'Survey Response'!$D12,"") | AQ14: =IF($D14="Followup",'Survey Response'!$E12,"") | AR14: =IF($D14="Followup",'Survey Response'!$G12,"") | AS14: =IF($D14="Followup",'Survey Response'!$H12,"") | AT14: =IF($D14="Followup",'Survey Response'!$M12,"") | AU14: =IF($D14="Followup",'Survey Response'!$K12,"") | AV14: =IF($D14="Followup",'Survey Response'!$L12,"") | AW14: =IF($D14="Followup",IF(AND($P14<>"Yes",$U14<>"Yes"),"Not approved for primary or secondary skill","Approved, but skill(s) no longer have capacity (fully staffed)"),"")
A15: =IF('Survey Response'!$D13="","",'Survey Response'!$A13&"|"&LOWER(TRIM('Survey Response'!$D13))) | B15: =IF($H15="","",$F15&"|"&$H15) | C15: =IF($H15="","",$A15=$B15) | D15: =IF($H15="","",IF($E15<>"Yes","Superseded",IF($I15<>"Yes, I'm available for in-person interviews at Chennai","Not Available",IF($Z15<>"","Panel Details","Followup")))) | E15: =IF($H15="","",IF(SUMPRODUCT(($H$4:$H$503=$H15)*(($G$4:$G$503>$G15)+($G$4:$G$503=$G15)*($F$4:$F$503>$F15)))=0,"Yes","No")) | F15: =IF('Survey Response'!$D13="","",INT('Survey Response'!$A13)) | G15: =IF('Survey Response'!$D13="","",'Survey Response'!$C13) | H15: =IF('Survey Response'!$D13="","",LOWER(TRIM('Survey Response'!$D13))) | I15: =IF($H15="","",'Survey Response'!$I13) | J15: =IF($H15="","",'Survey Response'!$K13) | K15: =IF($J15="","",IF(COUNTIF('Skill Mapping'!$A$2:$A$7,TRIM($J15))=0,"",INDEX('Skill Mapping'!$B$2:$B$7,MATCH(TRIM($J15),'Skill Mapping'!$A$2:$A$7,0)))) | L15: =IF($H15="","",'Survey Response'!$L13) | M15: =IF($L15="","",IF(COUNTIF('Skill Mapping'!$A$2:$A$7,TRIM($L15))=0,"",INDEX('Skill Mapping'!$B$2:$B$7,MATCH(TRIM($L15),'Skill Mapping'!$A$2:$A$7,0)))) | N15: =IF($H15="","",'Survey Response'!$M13) | O15: =IF($H15="","",IF('Survey Response'!$M13="Manager","R2","R1")) | P15: =IF($K15="","No",IF(COUNTIFS(MasterPanel!$B:$B,$H15,MasterPanel!$I:$I,$K15,MasterPanel!$K:$K,"Y")>0,"Yes","No")) -> No | Q15: =IF($K15="",0,IF(COUNTIF('Gap Sheet'!$A$6:$A$11,TRIM($J15))=0,0,IF($O15="R1",INDEX('Gap Sheet'!$C$6:$C$11,MATCH(TRIM($J15),'Gap Sheet'!$A$6:$A$11,0)),INDEX('Gap Sheet'!$G$6:$G$11,MATCH(TRIM($J15),'Gap Sheet'!$A$6:$A$11,0))))) -> 0 | R15: =IF($K15="","",$K15&"|"&$O15) | S15: =IF($R15="",0,COUNTIF($AA$4:$AA14,$R15)) -> 0 | T15: =IF(OR($I15<>"Yes, I'm available for in-person interviews at Chennai",$E15<>"Yes",$P15<>"Yes"),"No",IF(($Q15-$S15)>0,"Yes","No")) -> No | U15: =IF($M15="","No",IF(COUNTIFS(MasterPanel!$B:$B,$H15,MasterPanel!$I:$I,$M15,MasterPanel!$K:$K,"Y")>0,"Yes","No")) -> No | V15: =IF($M15="",0,IF(COUNTIF('Gap Sheet'!$A$6:$A$11,TRIM($L15))=0,0,IF($O15="R1",INDEX('Gap Sheet'!$C$6:$C$11,MATCH(TRIM($L15),'Gap Sheet'!$A$6:$A$11,0)),INDEX('Gap Sheet'!$G$6:$G$11,MATCH(TRIM($L15),'Gap Sheet'!$A$6:$A$11,0))))) -> 0 | W15: =IF($M15="","",$M15&"|"&$O15) | X15: =IF($W15="",0,COUNTIF($AA$4:$AA14,$W15)) -> 0 | Y15: =IF(OR($I15<>"Yes, I'm available for in-person interviews at Chennai",$E15<>"Yes",$T15="Yes",$U15<>"Yes"),"No",IF(($V15-$X15)>0,"Yes","No")) -> No | Z15: =IF($T15="Yes","Primary",IF($Y15="Yes","Secondary","")) | AA15: =IF($Z15="Primary",$R15,IF($Z15="Secondary",$W15,"")) | AB15: =IF($Z15="Primary","Matched on primary skill",IF($Z15="Secondary","Matched on secondary skill (primary not approved or not required)","")) | AC15: =IF($D15="Panel Details",$F15,"") | AD15: =IF($D15="Panel Details",'Survey Response'!$D13,"") | AE15: =IF($D15="Panel Details",'Survey Response'!$E13,"") | AF15: =IF($D15="Panel Details",'Survey Response'!$G13,"") | AG15: =IF($D15="Panel Details",IF($Z15="Primary",$J15,$L15),"") | AH15: =IF($D15="Panel Details",IF($Z15="Primary",$L15,$J15),"") | AI15: =IF($D15="Panel Details",'Survey Response'!$H13,"") | AJ15: =IF($D15="Panel Details",'Survey Response'!$M13,"") | AK15: =IF($D15="Panel Details",$O15,"") | AL15: =IF($D15="Panel Details",8,"") | AM15: =IF($D15="Panel Details",$AB15,"") | AN15: =IF($D15="Panel Details","Yes","") | AP15: =IF($D15="Followup",'Survey Response'!$D13,"") | AQ15: =IF($D15="Followup",'Survey Response'!$E13,"") | AR15: =IF($D15="Followup",'Survey Response'!$G13,"") | AS15: =IF($D15="Followup",'Survey Response'!$H13,"") | AT15: =IF($D15="Followup",'Survey Response'!$M13,"") | AU15: =IF($D15="Followup",'Survey Response'!$K13,"") | AV15: =IF($D15="Followup",'Survey Response'!$L13,"") | AW15: =IF($D15="Followup",IF(AND($P15<>"Yes",$U15<>"Yes"),"Not approved for primary or secondary skill","Approved, but skill(s) no longer have capacity (fully staffed)"),"")
A16: =IF('Survey Response'!$D14="","",'Survey Response'!$A14&"|"&LOWER(TRIM('Survey Response'!$D14))) | B16: =IF($H16="","",$F16&"|"&$H16) | C16: =IF($H16="","",$A16=$B16) | D16: =IF($H16="","",IF($E16<>"Yes","Superseded",IF($I16<>"Yes, I'm available for in-person interviews at Chennai","Not Available",IF($Z16<>"","Panel Details","Followup")))) | E16: =IF($H16="","",IF(SUMPRODUCT(($H$4:$H$503=$H16)*(($G$4:$G$503>$G16)+($G$4:$G$503=$G16)*($F$4:$F$503>$F16)))=0,"Yes","No")) | F16: =IF('Survey Response'!$D14="","",INT('Survey Response'!$A14)) | G16: =IF('Survey Response'!$D14="","",'Survey Response'!$C14) | H16: =IF('Survey Response'!$D14="","",LOWER(TRIM('Survey Response'!$D14))) | I16: =IF($H16="","",'Survey Response'!$I14) | J16: =IF($H16="","",'Survey Response'!$K14) | K16: =IF($J16="","",IF(COUNTIF('Skill Mapping'!$A$2:$A$7,TRIM($J16))=0,"",INDEX('Skill Mapping'!$B$2:$B$7,MATCH(TRIM($J16),'Skill Mapping'!$A$2:$A$7,0)))) | L16: =IF($H16="","",'Survey Response'!$L14) | M16: =IF($L16="","",IF(COUNTIF('Skill Mapping'!$A$2:$A$7,TRIM($L16))=0,"",INDEX('Skill Mapping'!$B$2:$B$7,MATCH(TRIM($L16),'Skill Mapping'!$A$2:$A$7,0)))) | N16: =IF($H16="","",'Survey Response'!$M14) | O16: =IF($H16="","",IF('Survey Response'!$M14="Manager","R2","R1")) | P16: =IF($K16="","No",IF(COUNTIFS(MasterPanel!$B:$B,$H16,MasterPanel!$I:$I,$K16,MasterPanel!$K:$K,"Y")>0,"Yes","No")) -> No | Q16: =IF($K16="",0,IF(COUNTIF('Gap Sheet'!$A$6:$A$11,TRIM($J16))=0,0,IF($O16="R1",INDEX('Gap Sheet'!$C$6:$C$11,MATCH(TRIM($J16),'Gap Sheet'!$A$6:$A$11,0)),INDEX('Gap Sheet'!$G$6:$G$11,MATCH(TRIM($J16),'Gap Sheet'!$A$6:$A$11,0))))) -> 0 | R16: =IF($K16="","",$K16&"|"&$O16) | S16: =IF($R16="",0,COUNTIF($AA$4:$AA15,$R16)) -> 0 | T16: =IF(OR($I16<>"Yes, I'm available for in-person interviews at Chennai",$E16<>"Yes",$P16<>"Yes"),"No",IF(($Q16-$S16)>0,"Yes","No")) -> No | U16: =IF($M16="","No",IF(COUNTIFS(MasterPanel!$B:$B,$H16,MasterPanel!$I:$I,$M16,MasterPanel!$K:$K,"Y")>0,"Yes","No")) -> No | V16: =IF($M16="",0,IF(COUNTIF('Gap Sheet'!$A$6:$A$11,TRIM($L16))=0,0,IF($O16="R1",INDEX('Gap Sheet'!$C$6:$C$11,MATCH(TRIM($L16),'Gap Sheet'!$A$6:$A$11,0)),INDEX('Gap Sheet'!$G$6:$G$11,MATCH(TRIM($L16),'Gap Sheet'!$A$6:$A$11,0))))) -> 0 | W16: =IF($M16="","",$M16&"|"&$O16) | X16: =IF($W16="",0,COUNTIF($AA$4:$AA15,$W16)) -> 0 | Y16: =IF(OR($I16<>"Yes, I'm available for in-person interviews at Chennai",$E16<>"Yes",$T16="Yes",$U16<>"Yes"),"No",IF(($V16-$X16)>0,"Yes","No")) -> No | Z16: =IF($T16="Yes","Primary",IF($Y16="Yes","Secondary","")) | AA16: =IF($Z16="Primary",$R16,IF($Z16="Secondary",$W16,"")) | AB16: =IF($Z16="Primary","Matched on primary skill",IF($Z16="Secondary","Matched on secondary skill (primary not approved or not required)","")) | AC16: =IF($D16="Panel Details",$F16,"") | AD16: =IF($D16="Panel Details",'Survey Response'!$D14,"") | AE16: =IF($D16="Panel Details",'Survey Response'!$E14,"") | AF16: =IF($D16="Panel Details",'Survey Response'!$G14,"") | AG16: =IF($D16="Panel Details",IF($Z16="Primary",$J16,$L16),"") | AH16: =IF($D16="Panel Details",IF($Z16="Primary",$L16,$J16),"") | AI16: =IF($D16="Panel Details",'Survey Response'!$H14,"") | AJ16: =IF($D16="Panel Details",'Survey Response'!$M14,"") | AK16: =IF($D16="Panel Details",$O16,"") | AL16: =IF($D16="Panel Details",8,"") | AM16: =IF($D16="Panel Details",$AB16,"") | AN16: =IF($D16="Panel Details","Yes","") | AP16: =IF($D16="Followup",'Survey Response'!$D14,"") | AQ16: =IF($D16="Followup",'Survey Response'!$E14,"") | AR16: =IF($D16="Followup",'Survey Response'!$G14,"") | AS16: =IF($D16="Followup",'Survey Response'!$H14,"") | AT16: =IF($D16="Followup",'Survey Response'!$M14,"") | AU16: =IF($D16="Followup",'Survey Response'!$K14,"") | AV16: =IF($D16="Followup",'Survey Response'!$L14,"") | AW16: =IF($D16="Followup",IF(AND($P16<>"Yes",$U16<>"Yes"),"Not approved for primary or secondary skill","Approved, but skill(s) no longer have capacity (fully staffed)"),"")
... A503: =IF('Survey Response'!$D501="","",'Survey Response'!$A501&"|"&LOWER(TRIM('Survey Response'!$D501))) | B503: =IF($H503="","",$F503&"|"&$H503) | C503: =IF($H503="","",$A503=$B503) | D503: =IF($H503="","",IF($E503<>"Yes","Superseded",IF($I503<>"Yes, I'm available for in-person interviews at Chennai","Not Available",IF($Z503<>"","Panel Details","Followup")))) | E503: =IF($H503="","",IF(SUMPRODUCT(($H$4:$H$503=$H503)*(($G$4:$G$503>$G503)+($G$4:$G$503=$G503)*($F$4:$F$503>$F503)))=0,"Yes","No")) | F503: =IF('Survey Response'!$D501="","",INT('Survey Response'!$A501)) | G503: =IF('Survey Response'!$D501="","",'Survey Response'!$C501) | H503: =IF('Survey Response'!$D501="","",LOWER(TRIM('Survey Response'!$D501))) | I503: =IF($H503="","",'Survey Response'!$I501) | J503: =IF($H503="","",'Survey Response'!$K501) | K503: =IF($J503="","",IF(COUNTIF('Skill Mapping'!$A$2:$A$7,TRIM($J503))=0,"",INDEX('Skill Mapping'!$B$2:$B$7,MATCH(TRIM($J503),'Skill Mapping'!$A$2:$A$7,0)))) | L503: =IF($H503="","",'Survey Response'!$L501) | M503: =IF($L503="","",IF(COUNTIF('Skill Mapping'!$A$2:$A$7,TRIM($L503))=0,"",INDEX('Skill Mapping'!$B$2:$B$7,MATCH(TRIM($L503),'Skill Mapping'!$A$2:$A$7,0)))) | N503: =IF($H503="","",'Survey Response'!$M501) | O503: =IF($H503="","",IF('Survey Response'!$M501="Manager","R2","R1")) | P503: =IF($K503="","No",IF(COUNTIFS(MasterPanel!$B:$B,$H503,MasterPanel!$I:$I,$K503,MasterPanel!$K:$K,"Y")>0,"Yes","No")) -> No | Q503: =IF($K503="",0,IF(COUNTIF('Gap Sheet'!$A$6:$A$11,TRIM($J503))=0,0,IF($O503="R1",INDEX('Gap Sheet'!$C$6:$C$11,MATCH(TRIM($J503),'Gap Sheet'!$A$6:$A$11,0)),INDEX('Gap Sheet'!$G$6:$G$11,MATCH(TRIM($J503),'Gap Sheet'!$A$6:$A$11,0))))) -> 0 | R503: =IF($K503="","",$K503&"|"&$O503) | S503: =IF($R503="",0,COUNTIF($AA$4:$AA502,$R503)) -> 0 | T503: =IF(OR($I503<>"Yes, I'm available for in-person interviews at Chennai",$E503<>"Yes",$P503<>"Yes"),"No",IF(($Q503-$S503)>0,"Yes","No")) -> No | U503: =IF($M503="","No",IF(COUNTIFS(MasterPanel!$B:$B,$H503,MasterPanel!$I:$I,$M503,MasterPanel!$K:$K,"Y")>0,"Yes","No")) -> No | V503: =IF($M503="",0,IF(COUNTIF('Gap Sheet'!$A$6:$A$11,TRIM($L503))=0,0,IF($O503="R1",INDEX('Gap Sheet'!$C$6:$C$11,MATCH(TRIM($L503),'Gap Sheet'!$A$6:$A$11,0)),INDEX('Gap Sheet'!$G$6:$G$11,MATCH(TRIM($L503),'Gap Sheet'!$A$6:$A$11,0))))) -> 0 | W503: =IF($M503="","",$M503&"|"&$O503) | X503: =IF($W503="",0,COUNTIF($AA$4:$AA502,$W503)) -> 0 | Y503: =IF(OR($I503<>"Yes, I'm available for in-person interviews at Chennai",$E503<>"Yes",$T503="Yes",$U503<>"Yes"),"No",IF(($V503-$X503)>0,"Yes","No")) -> No | Z503: =IF($T503="Yes","Primary",IF($Y503="Yes","Secondary","")) | AA503: =IF($Z503="Primary",$R503,IF($Z503="Secondary",$W503,"")) | AB503: =IF($Z503="Primary","Matched on primary skill",IF($Z503="Secondary","Matched on secondary skill (primary not approved or not required)","")) | AC503: =IF($D503="Panel Details",$F503,"") | AD503: =IF($D503="Panel Details",'Survey Response'!$D501,"") | AE503: =IF($D503="Panel Details",'Survey Response'!$E501,"") | AF503: =IF($D503="Panel Details",'Survey Response'!$G501,"") | AG503: =IF($D503="Panel Details",IF($Z503="Primary",$J503,$L503),"") | AH503: =IF($D503="Panel Details",IF($Z503="Primary",$L503,$J503),"") | AI503: =IF($D503="Panel Details",'Survey Response'!$H501,"") | AJ503: =IF($D503="Panel Details",'Survey Response'!$M501,"") | AK503: =IF($D503="Panel Details",$O503,"") | AL503: =IF($D503="Panel Details",8,"") | AM503: =IF($D503="Panel Details",$AB503,"") | AN503: =IF($D503="Panel Details","Yes","") | AP503: =IF($D503="Followup",'Survey Response'!$D501,"") | AQ503: =IF($D503="Followup",'Survey Response'!$E501,"") | AR503: =IF($D503="Followup",'Survey Response'!$G501,"") | AS503: =IF($D503="Followup",'Survey Response'!$H501,"") | AT503: =IF($D503="Followup",'Survey Response'!$M501,"") | AU503: =IF($D503="Followup",'Survey Response'!$K501,"") | AV503: =IF($D503="Followup",'Survey Response'!$L501,"") | AW503: =IF($D503="Followup",IF(AND($P503<>"Yes",$U503<>"Yes"),"Not approved for primary or secondary skill","Approved, but skill(s) no longer have capacity (fully staffed)"),"")

Sheet Final Panels
A1: Email | B1: Name | C1: Mobile | D1: Primary skill | E1: Secondary skill | F1: Location | G1: Designation | H1: Level | I1: Number of Slots | J1: Comments | K1: In Master Panel List ? | L1: Panel to Travel | M1: Booking confirmation
